cf_id,contact_id,company_name,goal,pledged,backers_count,country,currency,launch_date,end_date,category_id_x,category_id_y
147,4661,"Baldwin, Riley and Jackson",100.0,0.0,0,CA,CAD,2020-02-13,2021-03-01,cat1,subcat1
1621,3765,Odom Inc,1400.0,14560.0,158,US,USD,2021-01-25,2021-05-25,cat2,subcat2
1812,4187,"Melton, Robinson and Fritz",108400.0,142523.0,1425,AU,AUD,2020-12-17,2021-12-30,cat3,subcat3
1812,4187,"Melton, Robinson and Fritz",108400.0,142523.0,1425,AU,AUD,2020-12-17,2021-12-30,cat3,subcat12
2156,4941,"Mcdonald, Gonzalez and Ross",4200.0,2477.0,24,US,USD,2021-10-21,2022-01-17,cat2,subcat2
1365,2199,Larson-Little,7600.0,5265.0,53,US,USD,2020-12-21,2021-08-23,cat4,
2057,5650,Harris Group,7600.0,13195.0,174,DK,DKK,2020-12-11,2021-08-29,cat4,
1894,5889,"Ortiz, Coleman and Mitchell",5200.0,1090.0,18,GB,GBP,2020-07-31,2021-05-11,cat5,subcat4
2669,4842,Carter-Guzman,4500.0,14741.0,227,DK,DKK,2020-12-22,2021-09-21,cat4,
1114,3280,Nunez-Richards,110100.0,21946.0,708,DK,DKK,2020-04-08,2021-03-10,cat4,
970,5468,"Rangel, Holt and Jones",6200.0,3208.0,44,US,USD,2021-08-13,2021-08-31,cat2,subcat5
2340,3064,Green Ltd,5200.0,13838.0,220,US,USD,2020-07-11,2021-08-02,cat5,subcat6
601,4904,"Perez, Johnson and Gardner",6300.0,3030.0,27,US,USD,2020-08-11,2021-06-26,cat4,
1950,1299,Kim Ltd,6300.0,5629.0,55,US,USD,2020-11-14,2021-04-09,cat5,subcat6
671,5602,"Walker, Taylor and Coleman",4200.0,10295.0,98,US,USD,2020-11-11,2021-11-06,cat2,subcat7
1683,5753,"Rodriguez, Rose and Stewart",28200.0,18829.0,200,US,USD,2021-11-14,2022-01-02,cat2,subcat7
505,4495,"Wright, Hunt and Rowe",81200.0,38414.0,452,US,USD,2021-10-25,2021-12-16,cat3,subcat8
1245,4269,Hines Inc,1700.0,11041.0,100,US,USD,2021-08-20,2021-12-22,cat6,subcat9
2550,2226,Cochran-Nguyen,84600.0,134845.0,1249,US,USD,2020-04-12,2021-03-24,cat5,subcat10
875,1558,Johnson-Gould,9100.0,6089.0,135,US,USD,2021-03-24,2022-01-27,cat4,
2283,2307,Perez-Hess,62500.0,30331.0,674,US,USD,2021-10-12,2021-11-17,cat4,
118,2900,"Reeves, Thompson and Richardson",131800.0,147936.0,1396,US,USD,2020-04-12,2021-04-09,cat5,subcat6
711,5695,Simmons-Reynolds,94000.0,38533.0,558,US,USD,2021-03-14,2021-04-29,cat4,
1747,5708,Collier Inc,59100.0,75690.0,890,US,USD,2020-07-06,2021-08-04,cat4,
1825,1663,Gray-Jenkins,4500.0,14942.0,142,GB,GBP,2021-07-23,2021-09-12,cat5,subcat4
1019,3605,"Scott, Wilson and Martin",92400.0,104257.0,2673,US,USD,2021-05-01,2021-10-01,cat3,subcat8
821,4678,"Caldwell, Velazquez and Wilson",5500.0,11904.0,163,US,USD,2020-10-09,2021-05-23,cat7,subcat11
2653,2251,Spencer-Bates,107500.0,51814.0,1480,US,USD,2020-11-20,2021-07-27,cat4,
2502,6202,"Best, Carr and Williams",2000.0,1599.0,15,US,USD,2021-01-08,2021-10-15,cat2,subcat2
325,3715,"Campbell, Brown and Powell",130800.0,137635.0,2220,US,USD,2020-12-23,2021-12-23,cat4,
1345,4242,"Johnson, Parker and Haynes",45900.0,150965.0,1606,CH,CHF,2020-11-06,2021-08-27,cat5,subcat13
2303,4326,Clark-Cooke,9000.0,14455.0,129,US,USD,2020-10-28,2021-02-15,cat5,subcat10
2224,5560,Schroeder Ltd,3500.0,10850.0,226,GB,GBP,2020-11-25,2021-02-05,cat7,subcat11
1173,4002,Jackson PLC,101000.0,87676.0,2307,IT,EUR,2021-02-21,2021-11-26,cat5,subcat4
210,3813,"Blair, Collins and Carter",50200.0,189666.0,5419,US,USD,2021-04-04,2021-12-09,cat4,
1546,5336,Maldonado and Sons,9300.0,14025.0,165,US,USD,2021-01-26,2021-12-10,cat5,subcat4
2871,4994,Mitchell and Sons,125500.0,188628.0,1965,DK,DKK,2021-03-16,2021-03-25,cat5,subcat6
2034,1471,Jackson-Lewis,700.0,1101.0,16,US,USD,2021-04-07,2021-11-26,cat4,
2677,4482,"Black, Armstrong and Anderson",8100.0,11339.0,107,US,USD,2020-11-20,2021-10-18,cat6,subcat14
1865,3241,Maldonado-Gonzalez,3100.0,10085.0,134,US,USD,2021-08-23,2022-01-10,cat8,subcat15
170,3477,Kim-Rice,9900.0,5027.0,88,DK,DKK,2021-04-14,2021-05-01,cat4,
462,2265,"Garcia, Garcia and Lopez",8800.0,14878.0,198,US,USD,2020-11-18,2021-03-18,cat3,subcat8
3122,5911,Watts Group,5600.0,11924.0,111,IT,EUR,2021-03-17,2021-07-08,cat2,subcat2
1175,2288,Werner-Bryant,1800.0,7991.0,222,US,USD,2020-06-20,2021-01-30,cat1,subcat1
2301,4064,Schmitt-Mendoza,90200.0,167717.0,6212,US,USD,2020-11-14,2021-07-06,cat6,subcat16
91,1294,Reid-Mccullough,1600.0,10541.0,98,DK,DKK,2020-11-25,2021-03-01,cat6,subcat14
87,5008,Woods-Clark,9500.0,4530.0,48,US,USD,2021-01-18,2021-03-20,cat4,
1482,3604,"Vaughn, Hunt and Caldwell",3700.0,4247.0,92,US,USD,2021-05-23,2021-09-23,cat2,subcat2
1711,3263,Bennett and Sons,1500.0,7129.0,149,US,USD,2020-12-18,2021-06-27,cat4,
2294,5631,Lamb Inc,33300.0,128862.0,2431,US,USD,2021-02-22,2021-11-10,cat4,
2389,2851,Casey-Kelly,7200.0,13653.0,303,US,USD,2021-01-25,2022-01-30,cat2,subcat2
378,3714,"Jones, Taylor and Moore",100.0,2.0,1,IT,EUR,2021-10-08,2021-11-03,cat2,subcat17
1213,1664,"Bradshaw, Gill and Donovan",158100.0,145243.0,1467,GB,GBP,2020-09-07,2021-07-29,cat3,subcat8
29,5027,"Hernandez, Rodriguez and Clark",7200.0,2459.0,75,US,USD,2021-03-12,2022-01-05,cat4,
2309,3070,Smith-Jones,8800.0,12356.0,209,US,USD,2021-10-14,2021-12-24,cat5,subcat6
2101,4248,Roy PLC,6000.0,5392.0,120,US,USD,2021-03-30,2021-05-24,cat3,subcat8
1057,2034,"Wright, Brooks and Villarreal",6600.0,11746.0,131,US,USD,2021-09-29,2021-11-29,cat2,subcat18
2655,4085,"Flores, Miller and Johnson",8000.0,11493.0,164,US,USD,2021-03-03,2021-05-22,cat3,subcat8
202,3569,"Bridges, Freeman and Kim",2900.0,6243.0,201,US,USD,2021-07-23,2021-12-04,cat7,subcat11
2025,3889,Anderson-Perez,2700.0,6132.0,211,US,USD,2021-02-09,2021-06-11,cat4,
2395,3136,"Wright, Fox and Marks",1400.0,3851.0,128,US,USD,2020-12-10,2021-03-07,cat4,
1418,2103,Crawford-Peters,94200.0,135997.0,1600,CA,CAD,2020-10-20,2021-08-24,cat4,
1905,2329,Romero-Hoffman,199200.0,184750.0,2253,CA,CAD,2021-06-15,2021-10-26,cat4,
1969,3325,Sparks-West,2000.0,14452.0,249,US,USD,2021-08-19,2021-11-21,cat3,subcat3
1969,3325,Sparks-West,2000.0,14452.0,249,US,USD,2021-08-19,2021-11-21,cat3,subcat12
2430,3131,"Baker, Morgan and Brown",4700.0,557.0,5,US,USD,2021-06-25,2021-07-16,cat4,
1291,4995,Mosley-Gilbert,2800.0,2734.0,38,US,USD,2021-05-21,2021-09-23,cat3,subcat3
1291,4995,Mosley-Gilbert,2800.0,2734.0,38,US,USD,2021-05-21,2021-09-23,cat3,subcat12
1934,3631,Berry-Boyer,6100.0,14405.0,236,US,USD,2021-02-23,2021-11-20,cat4,
1225,5373,Sanders-Allen,2900.0,1307.0,12,US,USD,2021-10-05,2021-11-06,cat4,
1363,3126,Lopez Inc,72600.0,117892.0,4065,GB,GBP,2020-11-03,2021-09-24,cat3,subcat8
963,2194,Moreno-Turner,5700.0,14508.0,246,IT,EUR,2020-08-10,2021-02-07,cat4,
1486,2906,Jones-Watson,7900.0,1901.0,17,US,USD,2021-06-27,2022-01-17,cat4,
676,2611,Barker Inc,128000.0,158389.0,2475,IT,EUR,2021-08-08,2022-01-30,cat4,
2137,2374,"Tate, Bass and House",6000.0,6484.0,76,US,USD,2021-03-19,2021-06-05,cat4,
2656,3254,"Hampton, Lewis and Ray",600.0,4022.0,54,US,USD,2021-07-27,2021-11-30,cat5,subcat10
1556,3571,Collins-Goodman,1400.0,9253.0,88,US,USD,2020-05-11,2021-03-09,cat2,subcat18
747,2812,Davis-Michael,3900.0,4776.0,85,GB,GBP,2021-06-29,2021-08-27,cat2,subcat17
60,3961,"White, Torres and Bishop",9700.0,14606.0,170,US,USD,2021-02-25,2021-03-31,cat8,subcat15
2459,3872,"Martin, Conway and Larsen",122900.0,95993.0,1684,US,USD,2020-12-13,2021-12-26,cat4,
1903,4736,Acevedo-Huffman,9500.0,4460.0,56,US,USD,2021-06-17,2021-08-27,cat5,subcat10
2003,5119,"Montgomery, Larson and Spencer",4500.0,13536.0,330,US,USD,2020-12-24,2021-04-16,cat6,subcat19
2885,5725,Soto LLC,57800.0,40228.0,838,US,USD,2021-06-13,2021-11-18,cat4,
2067,4037,"Sutton, Barrett and Tucker",1100.0,7012.0,127,US,USD,2021-06-26,2021-10-21,cat7,subcat11
1610,2109,"Gomez, Bailey and Flores",16800.0,37857.0,411,US,USD,2020-11-01,2021-03-04,cat2,subcat2
2909,3283,Porter-George,1000.0,14973.0,180,GB,GBP,2020-10-09,2021-11-11,cat7,subcat11
1239,6181,Fitzgerald PLC,106400.0,39996.0,1000,US,USD,2021-06-25,2021-08-08,cat2,subcat5
2480,3251,Cisneros-Burton,31400.0,41564.0,374,US,USD,2021-07-03,2021-10-05,cat3,subcat8
2181,3443,"Hill, Lawson and Wilkinson",4900.0,6430.0,71,AU,AUD,2021-05-29,2021-08-20,cat2,subcat7
2030,2988,Davis-Smith,7400.0,12405.0,203,US,USD,2021-05-16,2021-09-12,cat4,
2311,1673,Farrell and Sons,198500.0,123040.0,1482,AU,AUD,2020-08-23,2021-03-24,cat2,subcat2
2821,2085,Clark Group,4800.0,12516.0,113,US,USD,2020-07-21,2021-02-22,cat6,subcat19
2468,1672,"White, Singleton and Zimmerman",3400.0,8588.0,96,US,USD,2020-07-23,2021-01-18,cat4,
656,4426,Kramer Group,7800.0,6132.0,106,US,USD,2021-10-09,2021-11-15,cat4,
2791,3211,"Frazier, Patrick and Smith",154300.0,74688.0,679,IT,EUR,2020-07-03,2021-06-17,cat6,subcat19
1527,3190,"Santos, Bell and Lloyd",20000.0,51775.0,498,CH,CHF,2020-08-05,2021-05-15,cat7,subcat11
1891,2081,Hall and Sons,108800.0,65877.0,610,US,USD,2020-11-22,2021-12-05,cat4,
580,3185,Hanson Inc,2900.0,8807.0,180,GB,GBP,2021-03-14,2021-08-29,cat3,subcat3
580,3185,Hanson Inc,2900.0,8807.0,180,GB,GBP,2021-03-14,2021-08-29,cat3,subcat12
682,5044,Sanchez LLC,900.0,1017.0,27,US,USD,2021-08-06,2021-09-05,cat5,subcat4
3097,1883,Howard Ltd,69700.0,151513.0,2331,US,USD,2021-10-18,2021-12-26,cat4,
873,2067,Stewart LLC,1300.0,12047.0,113,US,USD,2020-11-29,2021-06-11,cat1,subcat1
1668,4604,"Arias, Allen and Miller",97800.0,32951.0,1220,AU,AUD,2021-02-14,2021-11-03,cat7,subcat11
3076,3203,Baker-Morris,7600.0,14951.0,164,US,USD,2020-08-23,2021-02-06,cat4,
3146,5758,"Tucker, Fox and Green",100.0,1.0,1,US,USD,2021-06-22,2021-10-23,cat4,
253,5755,Douglas LLC,900.0,9193.0,164,US,USD,2021-10-06,2022-01-27,cat2,subcat5
3088,5150,Garcia Inc,3700.0,10422.0,336,US,USD,2020-09-18,2021-08-18,cat3,subcat8
393,4181,"Frye, Hunt and Powell",10000.0,2461.0,37,IT,EUR,2021-05-10,2021-08-03,cat2,subcat5
2912,3006,"Smith, Wells and Nguyen",119200.0,170623.0,1917,US,USD,2021-07-09,2021-10-15,cat2,subcat7
478,4865,Charles-Johnson,6800.0,9829.0,95,US,USD,2020-10-08,2021-07-23,cat3,subcat3
478,4865,Charles-Johnson,6800.0,9829.0,95,US,USD,2020-10-08,2021-07-23,cat3,subcat12
1061,2862,"Brandt, Carter and Wood",3900.0,14006.0,147,US,USD,2021-03-05,2021-05-19,cat4,
2957,6070,"Tucker, Schmidt and Reid",3500.0,6527.0,86,US,USD,2021-05-07,2021-12-28,cat4,
2015,5300,Decker Inc,1500.0,8929.0,83,US,USD,2020-10-14,2021-07-23,cat5,subcat4
1179,3486,Romero and Sons,5200.0,3079.0,60,US,USD,2020-10-01,2021-06-12,cat5,subcat20
2568,5989,Castillo-Carey,142400.0,21307.0,296,US,USD,2020-05-05,2021-05-30,cat1,subcat1
2869,2849,Hart-Briggs,61400.0,73653.0,676,US,USD,2021-03-17,2021-10-27,cat6,subcat16
718,1612,Jones-Meyer,4700.0,12635.0,361,AU,AUD,2020-10-24,2021-04-12,cat3,subcat3
718,1612,Jones-Meyer,4700.0,12635.0,361,AU,AUD,2020-10-24,2021-04-12,cat3,subcat12
1211,3307,"Wright, Hartman and Yu",3300.0,12437.0,131,US,USD,2021-01-29,2021-02-13,cat1,subcat1
2431,5288,Harper-Davis,1900.0,13816.0,126,US,USD,2021-07-02,2021-12-31,cat3,subcat8
468,6026,Barrett PLC,166700.0,145382.0,3304,IT,EUR,2021-03-20,2021-04-16,cat6,subcat14
1862,2212,David-Clark,7200.0,6336.0,73,US,USD,2021-09-02,2021-12-31,cat4,
2300,4591,Chaney-Dennis,4900.0,8523.0,275,US,USD,2021-06-18,2021-12-31,cat5,subcat20
449,2771,"Robinson, Lopez and Christensen",5400.0,6351.0,67,US,USD,2020-10-07,2021-10-17,cat8,subcat15
283,5682,Clark and Sons,5000.0,10748.0,154,US,USD,2021-07-27,2021-11-01,cat5,subcat4
2484,5368,Vega Group,75100.0,112272.0,1782,US,USD,2021-04-15,2021-10-08,cat7,subcat21
1490,3706,Brown-Brown,45300.0,99361.0,903,US,USD,2020-06-21,2021-04-14,cat7,subcat11
186,4034,Taylor PLC,136800.0,88055.0,3387,US,USD,2020-05-21,2021-01-28,cat6,subcat14
2999,3209,Edwards-Lewis,177700.0,33092.0,662,CA,CAD,2022-01-15,2022-02-03,cat4,
2819,2384,"Stanton, Neal and Rodriguez",2600.0,9562.0,94,IT,EUR,2020-07-19,2021-02-28,cat8,subcat15
2105,3074,Pratt LLC,5300.0,8475.0,180,US,USD,2020-05-10,2021-05-02,cat4,
1324,2031,Gross PLC,180200.0,69617.0,774,US,USD,2020-03-24,2021-03-11,cat4,
1952,5873,"Martinez, Gomez and Dalton",103200.0,53067.0,672,CA,CAD,2021-03-03,2021-06-16,cat4,
2404,5501,Allen-Curtis,70600.0,42596.0,532,US,USD,2020-09-13,2021-09-17,cat2,subcat2
990,3489,Morgan-Martinez,148500.0,4756.0,55,AU,AUD,2021-03-23,2021-12-06,cat1,subcat1
1459,4210,"Luna, Anderson and Fox",9600.0,14925.0,533,DK,DKK,2020-10-10,2021-07-13,cat5,subcat6
1106,6151,"Fleming, Zhang and Henderson",164700.0,166116.0,2443,GB,GBP,2021-07-17,2022-01-18,cat3,subcat3
1106,6151,"Fleming, Zhang and Henderson",164700.0,166116.0,2443,GB,GBP,2021-07-17,2022-01-18,cat3,subcat12
1488,6047,Flowers and Sons,3300.0,3834.0,89,US,USD,2020-10-20,2021-11-02,cat4,
2107,5445,Gates PLC,4500.0,13985.0,159,US,USD,2020-07-09,2021-05-18,cat2,subcat22
2660,5493,Caldwell LLC,99500.0,89288.0,940,CH,CHF,2021-07-23,2021-07-28,cat5,subcat4
2647,6036,"Le, Burton and Evans",7700.0,5488.0,117,US,USD,2020-12-25,2021-12-02,cat4,
565,2368,Briggs PLC,82800.0,2721.0,58,US,USD,2021-03-23,2021-04-14,cat5,subcat6
2713,1501,Hudson-Nguyen,1800.0,4712.0,50,US,USD,2020-04-07,2021-02-14,cat6,subcat9
558,4351,Hogan Ltd,9600.0,9216.0,115,US,USD,2021-05-10,2021-12-17,cat7,subcat21
698,3096,"Hamilton, Wright and Chavez",92100.0,19246.0,326,US,USD,2021-01-14,2021-07-07,cat3,subcat8
321,6162,Bautista-Cross,5500.0,12274.0,186,US,USD,2020-10-18,2021-05-05,cat5,subcat4
1302,1433,Jackson LLC,64300.0,65323.0,1071,US,USD,2020-05-07,2021-03-21,cat3,subcat3
1302,1433,Jackson LLC,64300.0,65323.0,1071,US,USD,2020-05-07,2021-03-21,cat3,subcat12
1410,2720,Figueroa Ltd,5000.0,11502.0,117,US,USD,2021-05-26,2021-11-24,cat3,subcat3
1410,2720,Figueroa Ltd,5000.0,11502.0,117,US,USD,2021-05-26,2021-11-24,cat3,subcat12
2465,5251,Avila-Jones,5400.0,7322.0,70,US,USD,2020-12-03,2021-11-25,cat2,subcat7
377,1797,"Martin, Lopez and Hunter",9000.0,11619.0,135,US,USD,2021-02-07,2021-04-20,cat4,
1882,1656,Fields-Moore,25000.0,59128.0,768,CH,CHF,2021-01-28,2021-11-21,cat3,subcat8
822,1346,Harris-Golden,8800.0,1518.0,51,US,USD,2020-09-15,2021-02-01,cat4,
2730,2989,"Moss, Norman and Dunlap",8300.0,9337.0,199,US,USD,2021-08-21,2021-11-15,cat4,
2198,5629,"White, Larson and Wright",9300.0,11255.0,107,US,USD,2020-04-19,2021-02-15,cat3,subcat8
2757,3456,"Payne, Oliver and Burch",6200.0,13632.0,195,US,USD,2020-09-08,2021-04-16,cat2,subcat7
2588,3229,"Brown, Palmer and Pace",100.0,1.0,1,US,USD,2021-01-21,2021-07-11,cat2,subcat2
1090,2277,Parker LLC,137200.0,88037.0,1467,US,USD,2021-12-02,2022-01-12,cat2,subcat5
64,1276,"Bowen, Mcdonald and Hall",41500.0,175573.0,3376,US,USD,2020-11-13,2021-07-23,cat2,subcat7
2171,3694,"Whitehead, Bell and Hughes",189400.0,176112.0,5681,US,USD,2021-07-17,2021-11-12,cat4,
625,2260,Rodriguez-Brown,171300.0,100650.0,1059,US,USD,2021-01-29,2021-06-20,cat2,subcat7
1065,5374,Hall-Schaefer,139500.0,90706.0,1194,US,USD,2021-05-23,2021-07-29,cat4,
174,4420,Meza-Rogers,36400.0,26914.0,379,AU,AUD,2020-11-24,2021-12-26,cat2,subcat2
1344,3849,Curtis-Curtis,4200.0,2212.0,30,AU,AUD,2021-04-20,2021-10-14,cat8,subcat15
2824,1638,Carlson Inc,2100.0,4640.0,41,US,USD,2020-12-28,2021-11-24,cat2,subcat2
940,5230,"Clarke, Anderson and Lee",191200.0,191222.0,1821,US,USD,2021-05-22,2021-06-30,cat4,
3024,1763,Evans Group,8000.0,12985.0,164,US,USD,2021-04-26,2021-07-14,cat3,subcat8
2164,4323,Bruce Group,5500.0,4300.0,75,US,USD,2021-02-01,2021-09-05,cat3,subcat3
2164,4323,Bruce Group,5500.0,4300.0,75,US,USD,2021-02-01,2021-09-05,cat3,subcat12
2427,5256,"Keith, Alvarez and Potter",6100.0,9134.0,157,CH,CHF,2021-09-05,2021-12-16,cat2,subcat2
1548,4836,Burton-Watkins,3500.0,8864.0,246,US,USD,2020-08-01,2021-08-15,cat8,subcat15
2657,5981,Lopez and Sons,150500.0,150755.0,1396,US,USD,2021-11-14,2021-11-24,cat4,
2916,1463,Cordova Ltd,90400.0,110279.0,2506,US,USD,2021-05-05,2021-08-08,cat3,subcat3
2916,1463,Cordova Ltd,90400.0,110279.0,2506,US,USD,2021-05-05,2021-08-08,cat3,subcat12
1348,4577,Brown-Vang,9800.0,13439.0,244,US,USD,2021-01-11,2021-08-25,cat8,subcat15
557,4951,Cruz-Ward,2600.0,10804.0,146,AU,AUD,2021-04-01,2021-10-19,cat4,
2915,3567,Hernandez Group,128100.0,40107.0,955,DK,DKK,2020-05-16,2021-03-18,cat2,subcat7
320,5475,"Tran, Steele and Wilson",23300.0,98811.0,1267,US,USD,2020-07-10,2021-03-23,cat5,subcat13
1458,2114,"Summers, Gallegos and Stein",188100.0,5528.0,67,US,USD,2020-09-24,2021-07-27,cat2,subcat7
379,5216,Blair Group,4900.0,521.0,5,US,USD,2020-11-17,2021-11-23,cat6,subcat19
1879,1665,Nixon Inc,800.0,663.0,26,US,USD,2020-09-04,2021-04-16,cat5,subcat4
597,6051,White LLC,96700.0,157635.0,1561,US,USD,2021-03-21,2021-10-17,cat4,
1130,3983,"Santos, Black and Donovan",600.0,5368.0,48,US,USD,2020-04-15,2021-02-08,cat3,subcat8
2354,2966,"Jones, Contreras and Burnett",181200.0,47459.0,1130,US,USD,2021-01-27,2021-12-16,cat4,
1358,4478,Stone-Orozco,115000.0,86060.0,782,US,USD,2021-01-06,2021-05-06,cat4,
188,4238,"Lee, Gibson and Morgan",38800.0,161593.0,2739,US,USD,2021-05-02,2021-08-26,cat4,
2228,4404,Alexander-Williams,7200.0,6927.0,210,US,USD,2021-04-17,2021-07-08,cat1,subcat1
1743,5666,Marks Ltd,44500.0,159185.0,3537,CA,CAD,2020-09-14,2021-04-11,cat4,
2563,3691,"Olsen, Edwards and Reid",56000.0,172736.0,2107,AU,AUD,2020-10-09,2021-06-06,cat3,subcat8
2424,2703,"Daniels, Rose and Tyler",8600.0,5315.0,136,US,USD,2021-03-17,2021-04-15,cat3,subcat3
2424,2703,"Daniels, Rose and Tyler",8600.0,5315.0,136,US,USD,2021-03-17,2021-04-15,cat3,subcat12
2369,4253,Adams Group,27100.0,195750.0,3318,DK,DKK,2021-03-09,2021-08-28,cat4,
1134,5652,"Rogers, Huerta and Medina",5100.0,3525.0,86,CA,CAD,2020-04-16,2021-03-02,cat2,subcat2
2241,3279,"Howard, Carter and Griffith",3600.0,10550.0,340,US,USD,2021-07-13,2021-09-11,cat4,
2745,3233,Bailey PLC,1000.0,718.0,19,US,USD,2020-04-28,2021-03-22,cat5,subcat20
1055,3017,Parker Group,88800.0,28358.0,886,US,USD,2021-02-10,2021-08-16,cat4,
1215,3482,Fox Group,60200.0,138384.0,1442,CA,CAD,2020-06-12,2021-02-20,cat5,subcat13
2036,2166,"Walker, Jones and Rodriguez",8200.0,2625.0,35,IT,EUR,2021-06-18,2021-10-07,cat4,
1191,4146,Anthony-Shaw,191300.0,45004.0,441,US,USD,2021-01-30,2021-05-23,cat4,
879,2651,Cook LLC,3700.0,2538.0,24,US,USD,2021-02-24,2021-09-04,cat4,
3062,1409,Sutton PLC,8400.0,3188.0,86,IT,EUR,2020-07-25,2021-05-11,cat4,
611,3717,"Long, Morgan and Mitchell",42600.0,8517.0,243,US,USD,2020-11-07,2021-06-16,cat2,subcat2
3195,3963,"Calhoun, Rogers and Long",6600.0,3012.0,65,US,USD,2020-04-25,2021-03-22,cat2,subcat7
1221,2152,Sandoval Group,7100.0,8716.0,126,US,USD,2021-08-30,2021-09-21,cat2,subcat17
2536,2974,Smith and Sons,15800.0,57157.0,524,US,USD,2021-02-02,2021-12-15,cat2,subcat5
1834,1268,King Inc,8200.0,5178.0,100,DK,DKK,2020-08-06,2021-08-30,cat3,subcat8
593,1822,Perry and Sons,54700.0,163118.0,1989,US,USD,2021-03-14,2021-06-02,cat5,subcat6
3039,5066,Palmer Inc,63200.0,6041.0,168,US,USD,2021-04-05,2021-07-05,cat2,subcat5
777,5075,"Hull, Baker and Martinez",1800.0,968.0,13,US,USD,2020-03-14,2021-03-13,cat2,subcat2
835,3855,"Becker, Rice and White",100.0,2.0,1,CA,CAD,2020-09-24,2021-05-26,cat4,
797,5923,"Osborne, Perkins and Knox",2100.0,14305.0,157,US,USD,2021-02-09,2021-10-26,cat3,subcat3
797,5923,"Osborne, Perkins and Knox",2100.0,14305.0,157,US,USD,2021-02-09,2021-10-26,cat3,subcat12
509,1867,Mcknight-Freeman,8300.0,6543.0,82,US,USD,2020-08-13,2021-04-22,cat1,subcat1
2286,4376,"Hayden, Shannon and Stein",143900.0,193413.0,4498,AU,AUD,2021-05-24,2021-09-24,cat4,
2110,2785,Daniel-Luna,75000.0,2529.0,40,US,USD,2020-10-20,2021-01-17,cat2,subcat18
1038,5884,Weaver-Marquez,1300.0,5614.0,80,US,USD,2021-04-10,2022-01-04,cat4,
2893,2441,"Austin, Baker and Kelley",9000.0,3496.0,57,US,USD,2021-06-04,2021-10-29,cat6,subcat14
805,1243,Carney-Anderson,1000.0,4257.0,43,US,USD,2020-12-25,2021-08-29,cat2,subcat2
225,3411,Jackson Inc,196900.0,199110.0,2053,US,USD,2020-12-07,2021-08-21,cat5,subcat4
968,2467,Warren Ltd,194500.0,41212.0,808,AU,AUD,2021-06-07,2021-09-21,cat5,subcat4
1369,1850,Schultz Inc,9400.0,6338.0,226,DK,DKK,2021-01-28,2021-08-24,cat5,subcat23
1417,2604,Thompson LLC,104400.0,99100.0,1625,US,USD,2020-06-13,2021-06-17,cat4,
3011,1693,Johnson Inc,8100.0,12300.0,168,US,USD,2020-02-24,2021-03-05,cat4,
2691,2969,Morgan-Warren,87900.0,171549.0,4289,US,USD,2020-12-20,2021-07-30,cat2,subcat7
2159,1544,Sullivan Group,1400.0,14324.0,165,US,USD,2021-06-01,2021-07-24,cat2,subcat2
2515,4149,"Vargas, Banks and Palmer",156800.0,6024.0,143,US,USD,2020-10-07,2021-05-14,cat4,
544,3463,"Johnson, Dixon and Zimmerman",121700.0,188721.0,1815,US,USD,2020-08-22,2021-01-06,cat4,
3030,2939,"Moore, Dudley and Navarro",129400.0,57911.0,934,US,USD,2021-03-09,2021-06-28,cat5,subcat23
817,2202,Price-Rodriguez,5700.0,12309.0,397,GB,GBP,2021-02-04,2021-04-26,cat5,subcat13
1400,1728,Huang-Henderson,41700.0,138497.0,1539,US,USD,2020-08-30,2021-08-04,cat5,subcat10
657,5362,Owens-Le,7900.0,667.0,17,US,USD,2021-07-31,2021-12-01,cat4,
966,4840,Huff LLC,121500.0,119830.0,2179,US,USD,2021-04-10,2021-10-01,cat1,subcat1
1558,2955,Johnson LLC,4800.0,6623.0,138,US,USD,2020-12-18,2021-04-27,cat8,subcat15
1379,5354,"Chavez, Garcia and Cantu",87300.0,81897.0,931,US,USD,2021-03-28,2021-08-25,cat4,
286,3847,Lester-Moore,46300.0,186885.0,3594,US,USD,2021-01-01,2021-05-30,cat5,subcat23
894,3025,Fox-Quinn,67800.0,176398.0,5880,US,USD,2020-10-14,2021-02-28,cat2,subcat2
709,1615,Garcia Inc,3000.0,10999.0,112,US,USD,2020-11-26,2021-02-08,cat8,subcat15
1599,5154,Johnson-Lee,60900.0,102751.0,943,US,USD,2020-08-07,2021-06-15,cat7,subcat21
905,5005,Pineda Group,137900.0,165352.0,2468,US,USD,2021-05-12,2021-10-18,cat5,subcat10
146,1349,Hoffman-Howard,85600.0,165798.0,2551,US,USD,2020-12-19,2021-03-10,cat7,subcat21
1632,3670,"Miranda, Hall and Mcgrath",2400.0,10084.0,101,US,USD,2021-01-25,2021-06-15,cat7,subcat11
537,2912,"Williams, Carter and Gonzalez",7200.0,5523.0,67,US,USD,2021-02-12,2021-09-13,cat4,
1289,4336,Davis-Rodriguez,3400.0,5823.0,92,US,USD,2020-12-05,2021-11-09,cat4,
2712,5576,"Reid, Rivera and Perry",3800.0,6000.0,62,US,USD,2021-10-15,2021-10-19,cat5,subcat10
1980,2736,Mendoza-Parker,7500.0,8181.0,149,IT,EUR,2020-06-16,2021-06-28,cat7,subcat11
296,3321,"Lee, Ali and Guzman",8600.0,3589.0,92,US,USD,2020-09-15,2021-02-23,cat5,subcat10
1760,3353,Gallegos-Cobb,39500.0,4323.0,57,AU,AUD,2021-01-21,2021-12-01,cat2,subcat2
2435,2336,Ellison PLC,9300.0,14822.0,329,US,USD,2021-03-15,2021-11-14,cat5,subcat10
2343,4369,"Bolton, Sanchez and Carrillo",2400.0,10138.0,97,DK,DKK,2020-06-11,2021-02-28,cat4,
2556,4464,Mason-Sanders,3200.0,3127.0,41,US,USD,2021-04-12,2021-12-03,cat3,subcat8
2495,5626,Pitts-Reed,29400.0,123124.0,1784,US,USD,2020-04-19,2021-02-20,cat4,
2497,1669,Gonzalez-Martinez,168500.0,171729.0,1684,AU,AUD,2021-01-17,2021-07-23,cat6,subcat9
1955,5544,"Hill, Martin and Garcia",8400.0,10729.0,250,US,USD,2020-08-22,2021-03-01,cat2,subcat2
1129,6078,Garcia PLC,2300.0,10240.0,238,US,USD,2021-04-17,2021-08-28,cat4,
636,2580,Herring-Bailey,700.0,3988.0,53,US,USD,2021-05-02,2021-12-28,cat4,
434,3592,Russell-Gardner,2900.0,14771.0,214,US,USD,2020-09-16,2021-03-22,cat4,
1231,4914,Walters-Carter,4500.0,14649.0,222,US,USD,2020-11-20,2021-11-27,cat3,subcat3
1231,4914,Walters-Carter,4500.0,14649.0,222,US,USD,2020-11-20,2021-11-27,cat3,subcat12
3162,3848,"Johnson, Patterson and Montoya",19800.0,184658.0,1884,US,USD,2020-09-20,2021-01-15,cat6,subcat14
1717,2619,Roberts and Sons,6200.0,13103.0,218,AU,AUD,2020-11-03,2021-08-02,cat7,subcat21
211,4605,Avila-Nelson,61500.0,168095.0,6465,US,USD,2020-03-25,2021-02-19,cat6,subcat19
2635,6147,Robbins and Sons,100.0,3.0,1,US,USD,2020-09-16,2021-02-27,cat2,subcat2
1854,1383,Singleton Ltd,7100.0,3840.0,101,US,USD,2020-08-01,2021-07-30,cat4,
436,1757,Perez PLC,1000.0,6263.0,59,US,USD,2020-11-25,2021-08-28,cat4,
2965,4390,"Rogers, Jacobs and Jackson",121500.0,108161.0,1335,CA,CAD,2020-09-03,2021-02-24,cat5,subcat6
1034,4165,Barry Group,4600.0,8505.0,88,US,USD,2021-06-24,2021-08-28,cat6,subcat9
614,4529,"Rosales, Branch and Harmon",80500.0,96735.0,1697,US,USD,2020-11-03,2021-09-27,cat2,subcat2
1792,6084,Smith-Reid,4100.0,959.0,15,GB,GBP,2020-11-03,2021-10-17,cat2,subcat2
121,2916,Williams Inc,5700.0,8322.0,92,US,USD,2020-05-03,2021-05-08,cat4,
2936,2005,"Duncan, Mcdonald and Miller",5000.0,13424.0,186,US,USD,2020-11-14,2021-10-24,cat4,
2081,2261,Watkins Ltd,1800.0,10755.0,138,US,USD,2021-04-07,2021-06-30,cat8,subcat15
1204,5342,Allen-Jones,6300.0,9935.0,261,US,USD,2021-07-15,2021-10-12,cat2,subcat2
669,4087,Mason-Smith,84300.0,26303.0,454,US,USD,2021-08-04,2021-09-13,cat2,subcat2
735,2761,"Lloyd, Kennedy and Davis",1700.0,5328.0,107,US,USD,2021-02-27,2021-10-02,cat2,subcat7
933,2908,Walker Ltd,2900.0,10756.0,199,US,USD,2020-10-26,2021-05-06,cat8,subcat15
3055,2155,Gordon PLC,45600.0,165375.0,5512,US,USD,2021-08-29,2021-10-30,cat4,
270,5642,Lee and Sons,4900.0,6031.0,86,US,USD,2020-05-15,2021-03-10,cat4,
647,6217,Cole LLC,111900.0,85902.0,3182,IT,EUR,2021-08-07,2022-01-13,cat2,subcat18
1219,4222,Acosta PLC,61600.0,143910.0,2768,AU,AUD,2021-05-08,2021-09-24,cat4,
1257,4798,Brown-Mckee,1500.0,2708.0,48,US,USD,2021-03-23,2022-01-10,cat5,subcat4
2162,5660,Miles and Sons,3500.0,8842.0,87,US,USD,2021-06-11,2021-06-24,cat5,subcat20
2274,5000,"Sawyer, Horton and Williams",173900.0,47260.0,1890,US,USD,2021-10-07,2021-10-13,cat7,subcat11
2284,2809,Foley-Cox,153700.0,1953.0,61,US,USD,2021-07-09,2022-01-13,cat8,subcat15
407,3349,"Horton, Morrison and Clark",51100.0,155349.0,1894,US,USD,2021-06-18,2021-10-25,cat4,
2440,3647,Thomas and Sons,7800.0,10704.0,282,CA,CAD,2020-11-04,2021-07-15,cat4,
2476,5745,Morgan-Jenkins,2400.0,773.0,15,US,USD,2021-09-13,2021-12-03,cat4,
41,2583,"Ward, Sanchez and Kemp",3900.0,9419.0,116,US,USD,2021-06-02,2021-12-31,cat6,subcat19
890,5441,Fields Ltd,5500.0,5324.0,133,US,USD,2021-05-23,2021-06-21,cat7,subcat11
2743,2090,Ramos-Mitchell,700.0,7465.0,83,US,USD,2020-12-14,2021-04-24,cat4,
266,3386,"Higgins, Davis and Salazar",2700.0,8799.0,91,US,USD,2021-03-28,2021-08-23,cat3,subcat3
266,3386,"Higgins, Davis and Salazar",2700.0,8799.0,91,US,USD,2021-03-28,2021-08-23,cat3,subcat12
3113,1816,Smith-Jenkins,8000.0,13656.0,546,US,USD,2020-10-02,2021-07-25,cat4,
1909,4718,Braun PLC,2500.0,14536.0,393,US,USD,2021-07-06,2021-11-05,cat5,subcat10
962,1677,Drake PLC,164500.0,150552.0,2062,US,USD,2020-02-25,2021-04-06,cat4,
213,4218,"Ross, Kelly and Brown",8400.0,9076.0,133,US,USD,2021-07-20,2021-08-18,cat5,subcat20
2741,4548,Lucas-Mullins,8100.0,1517.0,29,DK,DKK,2020-05-27,2021-03-20,cat2,subcat2
2589,1431,Tran LLC,9800.0,8153.0,132,US,USD,2021-02-20,2021-04-10,cat3,subcat3
2589,1431,Tran LLC,9800.0,8153.0,132,US,USD,2021-02-20,2021-04-10,cat3,subcat12
1238,2830,"Dawson, Brady and Gilbert",900.0,6357.0,254,US,USD,2020-08-19,2021-01-25,cat4,
164,4400,Obrien-Aguirre,112100.0,19557.0,184,US,USD,2021-02-15,2021-11-12,cat4,
2685,5773,Ferguson PLC,6300.0,13213.0,176,US,USD,2020-10-03,2021-02-19,cat2,subcat5
2836,4161,Garcia Ltd,5600.0,5476.0,137,DK,DKK,2020-12-13,2021-04-14,cat2,subcat17
2062,2062,"Smith, Love and Smith",800.0,13474.0,337,CA,CAD,2021-03-11,2021-08-18,cat4,
3111,3458,"Wilson, Hall and Osborne",168600.0,91722.0,908,US,USD,2020-11-18,2021-08-16,cat5,subcat4
1414,3174,"Bell, Grimes and Kerr",1800.0,8219.0,107,US,USD,2021-03-05,2022-02-20,cat3,subcat3
1414,3174,"Bell, Grimes and Kerr",1800.0,8219.0,107,US,USD,2021-03-05,2022-02-20,cat3,subcat12
2765,5565,Ho-Harris,7300.0,717.0,10,US,USD,2020-12-01,2021-09-28,cat1,subcat1
939,1906,Ross Group,6500.0,1065.0,32,IT,EUR,2021-02-02,2021-03-26,cat4,
390,5479,Turner-Davis,600.0,8038.0,183,US,USD,2021-02-17,2021-06-09,cat4,
2851,4320,"Smith, Jackson and Herrera",192900.0,68769.0,1910,CH,CHF,2021-02-07,2021-10-24,cat4,
1607,4213,Smith-Hess,6100.0,3352.0,38,AU,AUD,2020-04-28,2021-03-10,cat4,
3201,3373,"Brown, Herring and Bass",7200.0,6785.0,104,AU,AUD,2020-11-26,2021-03-11,cat4,
641,4184,"Chase, Garcia and Johnson",3500.0,5037.0,72,US,USD,2021-05-20,2021-06-21,cat2,subcat2
524,5472,Ramsey and Sons,3800.0,1954.0,49,US,USD,2021-11-23,2022-02-05,cat1,subcat1
2423,5559,Cooke PLC,100.0,5.0,1,DK,DKK,2020-12-05,2021-09-25,cat6,subcat9
1532,5419,Wong-Walker,900.0,12102.0,295,US,USD,2021-06-08,2021-09-04,cat5,subcat4
1748,4171,"Ferguson, Collins and Mata",76100.0,24234.0,245,US,USD,2020-06-07,2021-05-24,cat4,
3168,1302,"Guerrero, Flores and Jenkins",3400.0,2809.0,32,US,USD,2021-01-12,2021-12-22,cat2,subcat7
1077,3520,Peterson PLC,2100.0,11469.0,142,US,USD,2021-02-03,2021-04-10,cat5,subcat4
3114,6010,Townsend Ltd,2800.0,8014.0,85,US,USD,2021-01-27,2021-05-15,cat4,
2547,4617,"Rush, Reed and Hall",6500.0,514.0,7,US,USD,2021-08-12,2021-11-18,cat4,
2065,1417,Salazar-Dodson,32900.0,43473.0,659,DK,DKK,2021-03-20,2021-09-25,cat6,subcat14
1143,4770,Davis Ltd,118200.0,87560.0,803,US,USD,2021-07-17,2021-11-18,cat4,
2545,4328,Harris-Perry,4100.0,3087.0,75,US,USD,2021-03-05,2021-07-26,cat2,subcat7
1315,5171,"Velazquez, Hunt and Ortiz",7800.0,1586.0,16,US,USD,2021-03-28,2021-04-23,cat7,subcat11
2219,4394,Flores PLC,6300.0,12812.0,121,US,USD,2020-12-09,2021-05-09,cat4,
854,1794,Martinez LLC,59100.0,183345.0,3742,US,USD,2020-12-31,2022-02-06,cat4,
336,3510,Miller-Irwin,2200.0,8697.0,223,US,USD,2021-11-26,2021-12-02,cat2,subcat2
3014,2487,Sanchez-Morgan,1400.0,4126.0,133,US,USD,2020-06-04,2021-04-11,cat5,subcat4
326,2215,"Lopez, Adams and Johnson",9500.0,3220.0,31,US,USD,2021-07-10,2021-08-03,cat4,
2991,4136,Martin-Marshall,9600.0,6401.0,108,IT,EUR,2020-12-19,2021-10-06,cat1,subcat1
1359,3723,Summers PLC,6600.0,1269.0,30,US,USD,2020-07-31,2021-03-22,cat4,
341,5842,"Young, Hart and Ryan",5700.0,903.0,17,US,USD,2021-07-29,2021-09-25,cat2,subcat2
2365,3289,Mills Group,8400.0,3251.0,64,US,USD,2020-03-24,2021-02-22,cat3,subcat3
2365,3289,Mills Group,8400.0,3251.0,64,US,USD,2020-03-24,2021-02-22,cat3,subcat12
358,1249,Sandoval-Powell,84400.0,8092.0,80,US,USD,2021-05-09,2021-08-03,cat6,subcat14
583,5409,"Mills, Frazier and Perez",170400.0,160422.0,2468,US,USD,2021-05-30,2021-09-09,cat5,subcat13
1373,2951,Hebert Group,117900.0,196377.0,5168,US,USD,2021-03-18,2021-03-22,cat4,
2665,3432,"Cole, Smith and Wood",8900.0,2148.0,26,GB,GBP,2021-05-03,2022-01-25,cat5,subcat4
2500,2297,"Harris, Hall and Harris",7100.0,11648.0,307,US,USD,2021-04-18,2021-08-28,cat4,
921,6161,Saunders Group,6500.0,5897.0,73,US,USD,2020-05-31,2021-01-31,cat4,
135,4603,"Pham, Avila and Nash",7200.0,3326.0,128,US,USD,2020-05-27,2021-04-14,cat5,subcat10
2413,5818,"Patterson, Salinas and Lucas",2600.0,1002.0,33,US,USD,2020-04-10,2021-04-15,cat4,
3004,4270,Young PLC,98700.0,131826.0,2441,US,USD,2020-09-01,2021-05-03,cat2,subcat2
1911,6007,Willis and Sons,93800.0,21477.0,211,US,USD,2021-04-06,2021-06-16,cat7,subcat11
2726,4084,Thompson-Bates,33700.0,62330.0,1385,GB,GBP,2021-01-05,2021-04-18,cat5,subcat4
2049,1340,Rose-Silva,3300.0,14643.0,190,US,USD,2021-01-30,2021-06-25,cat1,subcat1
1732,5675,"Pacheco, Johnson and Torres",20700.0,41396.0,470,US,USD,2020-07-30,2021-03-22,cat3,subcat8
1174,2010,"Carlson, Dixon and Jones",9600.0,11900.0,253,US,USD,2020-10-28,2021-05-02,cat4,
1194,6201,Mcgee Group,66200.0,123538.0,1113,US,USD,2020-06-27,2021-05-04,cat2,subcat2
3176,1791,Jordan-Acosta,173800.0,198628.0,2283,US,USD,2020-02-27,2021-02-12,cat2,subcat2
642,3314,Nunez Inc,70700.0,68602.0,1072,US,USD,2020-11-06,2021-07-21,cat2,subcat2
34,5852,Hayden Ltd,94500.0,116064.0,1095,US,USD,2020-06-17,2021-07-08,cat4,
217,4618,Gonzalez-Burton,69800.0,125042.0,1690,US,USD,2020-12-20,2021-04-27,cat4,
1693,2618,"Lewis, Taylor and Rivers",136300.0,108974.0,1297,CA,CAD,2021-02-07,2022-02-10,cat4,
2333,4967,"Butler, Henry and Espinoza",37100.0,34964.0,393,US,USD,2021-04-03,2021-12-23,cat8,subcat15
80,4594,Guzman Group,114300.0,96777.0,1257,US,USD,2021-02-10,2021-09-22,cat2,subcat7
2847,2080,Gibson-Hernandez,47900.0,31864.0,328,US,USD,2021-02-17,2021-06-09,cat4,
3104,2793,Spencer-Weber,9000.0,4853.0,147,US,USD,2020-12-05,2021-07-13,cat4,
980,4890,"Berger, Johnson and Marshall",197600.0,82959.0,830,US,USD,2020-12-12,2021-06-18,cat7,subcat11
476,3528,"Taylor, Cisneros and Romero",157600.0,23159.0,331,GB,GBP,2021-04-06,2021-08-09,cat5,subcat6
116,5810,Little-Marsh,8000.0,2758.0,25,US,USD,2021-10-07,2021-12-28,cat2,subcat7
2900,5720,Petersen and Sons,900.0,12607.0,191,US,USD,2021-05-03,2022-02-13,cat3,subcat3
2900,5720,Petersen and Sons,900.0,12607.0,191,US,USD,2021-05-03,2022-02-13,cat3,subcat12
553,4593,Hensley Ltd,199000.0,142823.0,3483,US,USD,2021-07-27,2021-11-21,cat1,subcat1
2834,3186,Navarro and Sons,180800.0,95958.0,923,US,USD,2021-05-27,2021-06-01,cat4,
2314,5136,Shannon Ltd,100.0,5.0,1,US,USD,2021-01-19,2021-07-25,cat2,subcat18
2005,2646,Young LLC,74100.0,94631.0,2013,US,USD,2021-09-12,2021-10-05,cat2,subcat2
2514,3460,"Adams, Willis and Sanchez",2800.0,977.0,33,CA,CAD,2021-04-25,2021-07-05,cat4,
702,4345,Mills-Roy,33600.0,137961.0,1703,US,USD,2020-07-25,2021-04-16,cat4,
42,2690,Brown Group,6100.0,7548.0,80,DK,DKK,2020-11-22,2021-04-06,cat5,subcat4
948,4025,Burns-Burnett,3800.0,2241.0,86,US,USD,2020-08-28,2021-05-19,cat3,subcat8
2926,4524,"Glass, Nunez and Mcdonald",9300.0,3431.0,40,IT,EUR,2021-10-12,2022-01-18,cat4,
1971,3978,"Perez, Davis and Wilson",2300.0,4253.0,41,US,USD,2020-10-20,2021-08-25,cat7,subcat11
748,3910,Diaz-Garcia,9700.0,1146.0,23,CA,CAD,2021-03-05,2021-03-14,cat8,subcat15
684,5825,Salazar-Moon,4000.0,11948.0,187,US,USD,2020-09-03,2021-07-16,cat5,subcat10
385,3564,Larsen-Chung,59700.0,135132.0,2875,GB,GBP,2020-12-28,2021-12-26,cat4,
3007,2396,Anderson and Sons,5500.0,9546.0,88,US,USD,2021-03-07,2021-05-28,cat4,
2612,2140,Lawrence Group,3700.0,13755.0,191,US,USD,2021-04-23,2022-01-26,cat2,subcat2
807,3079,Gray-Davis,5200.0,8330.0,139,US,USD,2021-03-12,2021-10-07,cat2,subcat2
2087,2017,Ramirez-Myers,900.0,14547.0,186,US,USD,2020-11-25,2021-10-16,cat2,subcat7
53,5444,"Lucas, Hall and Bonilla",1600.0,11735.0,112,AU,AUD,2021-07-24,2021-09-11,cat4,
2944,2216,"Williams, Perez and Villegas",1800.0,10658.0,101,US,USD,2021-01-25,2021-07-21,cat4,
2963,1241,"Brooks, Jones and Ingram",9900.0,1870.0,75,US,USD,2021-05-12,2022-01-18,cat4,
2976,1484,"Whitaker, Wallace and Daniels",5200.0,14394.0,206,GB,GBP,2021-07-05,2021-10-15,cat5,subcat4
3051,3475,Smith-Gonzalez,5400.0,14743.0,154,US,USD,2021-03-30,2021-06-02,cat5,subcat20
2777,4333,Skinner PLC,112300.0,178965.0,5966,US,USD,2021-07-01,2021-08-19,cat4,
3064,5657,"Nolan, Smith and Sanchez",189200.0,128410.0,2176,US,USD,2021-10-19,2021-10-24,cat4,
56,2527,Green-Carr,900.0,14324.0,169,US,USD,2021-05-15,2021-12-02,cat5,subcat4
763,5967,Brown-Parker,22500.0,164291.0,2106,US,USD,2021-01-23,2021-06-25,cat4,
896,5698,Marshall Inc,167400.0,22073.0,441,US,USD,2021-03-10,2021-04-06,cat5,subcat4
1409,3331,Leblanc-Pineda,2700.0,1479.0,25,US,USD,2021-08-13,2021-11-21,cat2,subcat7
2889,3841,Perry PLC,3400.0,12275.0,131,US,USD,2020-06-23,2021-05-10,cat2,subcat2
2338,6105,"Klein, Stark and Livingston",49700.0,5098.0,127,US,USD,2021-01-17,2021-12-09,cat4,
2905,3895,Fleming-Oliver,178200.0,24882.0,355,US,USD,2021-02-10,2021-07-26,cat5,subcat4
1779,1891,"Reilly, Aguirre and Johnson",7200.0,2912.0,44,GB,GBP,2020-07-18,2021-01-31,cat4,
2291,1281,"Davidson, Wilcox and Lewis",2500.0,4008.0,84,US,USD,2020-12-26,2021-04-04,cat4,
3192,4186,"Michael, Anderson and Vincent",5300.0,9749.0,155,US,USD,2020-12-08,2021-09-05,cat4,
1696,2511,King Ltd,9100.0,5803.0,67,US,USD,2021-03-29,2021-06-11,cat8,subcat15
1559,4272,Baker Ltd,6300.0,14199.0,189,US,USD,2021-04-18,2021-12-22,cat1,subcat1
1405,3533,"Baker, Collins and Smith",114400.0,196779.0,4799,US,USD,2021-09-13,2021-12-16,cat5,subcat4
521,3618,Warren-Harrison,38900.0,56859.0,1137,US,USD,2020-04-20,2021-01-21,cat6,subcat9
1625,2177,Gardner Group,135500.0,103554.0,1068,US,USD,2021-06-20,2021-11-12,cat4,
2808,4102,Flores-Lambert,109000.0,42795.0,424,US,USD,2021-07-18,2021-10-05,cat3,subcat8
764,6089,Cruz Ltd,114800.0,12938.0,145,CH,CHF,2020-06-26,2021-03-09,cat2,subcat7
834,4701,Knox-Garner,83000.0,101352.0,1152,US,USD,2021-01-19,2021-08-26,cat4,
2793,5645,Davis-Allen,2400.0,4477.0,50,US,USD,2020-09-19,2021-05-17,cat8,subcat15
2901,4499,Miller-Patel,60400.0,4393.0,151,US,USD,2021-11-21,2021-12-19,cat6,subcat9
2141,3365,Hernandez-Grimes,102900.0,67546.0,1608,US,USD,2021-01-07,2021-05-08,cat3,subcat8
308,2290,"Owens, Hall and Gonzalez",62800.0,143788.0,3059,CA,CAD,2020-11-19,2021-08-28,cat2,subcat18
705,1890,Noble-Bailey,800.0,3755.0,34,US,USD,2020-06-26,2021-04-21,cat5,subcat4
1670,1304,Taylor PLC,7100.0,9238.0,220,US,USD,2020-05-21,2021-02-20,cat4,
1159,3799,Holmes PLC,46100.0,77012.0,1604,AU,AUD,2020-08-11,2021-09-07,cat5,subcat6
2592,2749,Jones-Martin,8100.0,14083.0,454,US,USD,2020-09-21,2021-02-11,cat2,subcat2
1195,2028,Myers LLC,1700.0,12202.0,123,IT,EUR,2020-07-01,2021-04-06,cat5,subcat10
1635,2383,"Acosta, Mullins and Morris",97300.0,62127.0,941,US,USD,2021-05-28,2021-07-01,cat2,subcat7
2432,5721,Bell PLC,100.0,2.0,1,US,USD,2021-10-07,2021-11-25,cat8,subcat15
109,1394,Smith-Schmidt,900.0,13772.0,299,US,USD,2021-02-05,2021-08-08,cat4,
1509,3451,"Ruiz, Richardson and Cole",7300.0,2946.0,40,US,USD,2020-10-28,2021-04-20,cat5,subcat13
1285,5512,Leonard-Mcclain,195800.0,168820.0,3015,CA,CAD,2021-04-16,2021-08-22,cat4,
500,2453,Bailey-Boyer,48900.0,154321.0,2237,US,USD,2021-04-07,2021-12-19,cat4,
2835,6055,Lee LLC,29600.0,26527.0,435,US,USD,2021-03-26,2021-08-24,cat4,
1533,5704,Lyons Inc,39300.0,71583.0,645,US,USD,2020-03-03,2021-03-10,cat5,subcat4
2445,3707,Herrera-Wilson,3400.0,12100.0,484,DK,DKK,2021-05-03,2021-08-29,cat4,
2906,2205,"Mahoney, Adams and Lucas",9200.0,12129.0,154,CA,CAD,2020-05-04,2021-04-29,cat5,subcat4
1237,5976,Stewart LLC,135600.0,62804.0,714,US,USD,2021-02-11,2021-05-09,cat2,subcat2
1572,3290,Mcmillan Group,153700.0,55536.0,1111,US,USD,2021-03-22,2021-12-29,cat7,subcat21
254,4257,"Beck, Thompson and Martinez",7800.0,8161.0,82,US,USD,2021-03-21,2021-06-06,cat4,
576,4588,Rodriguez-Scott,2100.0,14046.0,134,US,USD,2020-10-14,2021-01-17,cat6,subcat14
563,4785,Rush-Bowers,189500.0,117628.0,1089,US,USD,2021-04-12,2021-12-26,cat5,subcat10
2201,3033,Davis and Sons,188200.0,159405.0,5497,US,USD,2021-05-01,2021-08-28,cat1,subcat1
1339,2779,Anderson-Pham,113500.0,12552.0,418,US,USD,2021-02-01,2021-10-08,cat4,
197,2131,Stewart-Coleman,134600.0,59007.0,1439,US,USD,2021-01-15,2021-03-09,cat5,subcat4
2035,6229,"Bradshaw, Smith and Ryan",1700.0,943.0,15,US,USD,2021-05-09,2021-06-26,cat4,
1739,3429,Jackson PLC,163700.0,93963.0,1999,CA,CAD,2020-12-09,2021-04-07,cat5,subcat4
2352,1613,Ware-Arias,113800.0,140469.0,5203,US,USD,2021-04-28,2021-12-10,cat3,subcat3
2352,1613,Ware-Arias,113800.0,140469.0,5203,US,USD,2021-04-28,2021-12-10,cat3,subcat12
691,4734,"Blair, Reyes and Woods",5000.0,6423.0,94,US,USD,2021-08-08,2021-09-01,cat4,
298,4439,Thomas-Lopez,9400.0,6015.0,118,US,USD,2020-12-24,2021-03-18,cat3,subcat8
206,1441,"Brown, Davies and Pacheco",8700.0,11075.0,205,US,USD,2020-09-27,2021-03-15,cat4,
1003,5799,Jones-Riddle,147800.0,15723.0,162,US,USD,2020-10-19,2021-07-20,cat1,subcat1
1653,1419,Schmidt-Gomez,5100.0,2064.0,83,US,USD,2021-06-02,2021-09-04,cat2,subcat7
1549,3059,"Sullivan, Davis and Booth",2700.0,7767.0,92,US,USD,2021-03-21,2021-09-25,cat8,subcat15
1026,3224,Edwards-Kane,1800.0,10313.0,219,US,USD,2020-11-08,2021-11-13,cat4,
2523,3181,"Hicks, Wall and Webb",174500.0,197018.0,2526,US,USD,2020-04-08,2021-04-15,cat4,
1620,6061,Mayer-Richmond,101400.0,47037.0,747,US,USD,2021-06-02,2021-06-30,cat5,subcat10
2594,4466,Robles Ltd,191000.0,173191.0,2138,US,USD,2021-02-19,2021-06-13,cat8,subcat15
539,6081,Cochran Ltd,8100.0,5487.0,84,US,USD,2021-04-17,2021-11-03,cat4,
687,2159,Rosales LLC,5100.0,9817.0,94,US,USD,2020-11-07,2021-09-06,cat4,
2302,3324,Harper-Bryan,7700.0,6369.0,91,US,USD,2020-04-09,2021-03-11,cat4,
694,3176,"Potter, Harper and Everett",121400.0,65755.0,792,US,USD,2020-06-12,2021-07-09,cat5,subcat4
3123,5874,Floyd-Sims,5400.0,903.0,10,CA,CAD,2020-07-04,2021-02-11,cat4,
2576,5110,"Spence, Jackson and Kelly",152400.0,178120.0,1713,IT,EUR,2020-08-26,2021-08-19,cat4,
2349,5490,King-Nguyen,1300.0,13678.0,249,US,USD,2021-06-25,2021-10-01,cat2,subcat18
516,1922,Hansen Group,8100.0,9969.0,192,US,USD,2020-05-21,2021-05-10,cat5,subcat10
290,4398,"Mathis, Hall and Hansen",8300.0,14827.0,247,US,USD,2021-03-29,2022-01-21,cat4,
1691,4754,Cummings Inc,28400.0,100900.0,2293,US,USD,2020-09-22,2021-07-09,cat5,subcat23
1689,3309,Miller-Poole,102500.0,165954.0,3131,US,USD,2020-11-04,2021-03-08,cat5,subcat20
2403,1244,Rodriguez-West,7000.0,1744.0,32,US,USD,2020-09-24,2021-04-09,cat3,subcat8
3203,2892,"Calderon, Bradford and Dean",5400.0,10731.0,143,IT,EUR,2021-03-17,2021-08-26,cat4,
2113,2777,Clark-Bowman,9300.0,3232.0,90,US,USD,2020-11-15,2021-02-14,cat4,
3158,4952,Hensley Ltd,6200.0,10938.0,296,US,USD,2020-10-28,2021-02-27,cat2,subcat7
348,5144,Anderson-Pearson,2100.0,10739.0,170,US,USD,2020-09-11,2021-03-12,cat4,
1136,5487,"Martin, Martin and Solis",6800.0,5579.0,186,US,USD,2020-05-11,2021-03-29,cat3,subcat8
956,1932,Harrington-Harper,155200.0,37754.0,439,GB,GBP,2020-08-13,2021-06-11,cat5,subcat20
2393,3364,Price and Sons,89900.0,45384.0,605,US,USD,2021-10-09,2021-11-29,cat7,subcat11
3208,5165,Cuevas-Morales,900.0,8703.0,86,DK,DKK,2020-11-02,2021-04-07,cat7,subcat11
2530,3858,Delgado-Hatfield,100.0,4.0,1,CA,CAD,2020-12-14,2021-07-06,cat5,subcat10
305,4666,Padilla-Porter,148400.0,182302.0,6286,US,USD,2020-12-31,2021-08-20,cat2,subcat2
1383,2896,Morris Group,4800.0,3045.0,31,US,USD,2021-02-14,2021-05-09,cat5,subcat6
783,4520,Saunders Ltd,182400.0,102749.0,1181,US,USD,2020-05-20,2021-03-06,cat5,subcat23
47,5726,Woods Inc,4000.0,1763.0,39,US,USD,2021-11-17,2021-12-09,cat5,subcat6
3157,5661,"Villanueva, Wright and Richardson",116500.0,137904.0,3727,US,USD,2020-10-14,2021-10-06,cat4,
1646,4765,"Wilson, Brooks and Clark",146400.0,152438.0,1605,US,USD,2021-11-14,2021-12-14,cat2,subcat7
1729,3710,"Sheppard, Smith and Spence",5000.0,1332.0,46,US,USD,2021-05-20,2021-10-03,cat4,
2964,4925,"Wise, Thompson and Allen",33800.0,118706.0,2120,US,USD,2021-01-16,2021-08-08,cat4,
675,1533,"Lane, Ryan and Chapman",6300.0,5674.0,105,US,USD,2021-02-22,2021-04-01,cat5,subcat4
790,5264,"Rich, Alvarez and King",2400.0,4119.0,50,US,USD,2021-02-26,2021-08-10,cat4,
1103,4606,Terry-Salinas,98800.0,139354.0,2080,US,USD,2020-03-21,2021-05-13,cat5,subcat6
969,2043,Wang-Rodriguez,188800.0,57734.0,535,US,USD,2021-10-13,2021-11-02,cat7,subcat21
1634,3871,Mckee-Hill,134300.0,145265.0,2105,US,USD,2020-03-28,2021-03-08,cat5,subcat10
2279,6205,Gomez LLC,71200.0,95020.0,2436,US,USD,2020-09-21,2021-02-26,cat4,
387,3193,Gonzalez-Robbins,4700.0,8829.0,80,US,USD,2021-04-09,2022-02-18,cat6,subcat19
586,1810,Obrien and Sons,1200.0,3984.0,42,US,USD,2021-04-16,2021-08-18,cat3,subcat8
1145,4797,Shaw Ltd,1400.0,8053.0,139,CA,CAD,2021-06-05,2021-08-03,cat3,subcat3
1145,4797,Shaw Ltd,1400.0,8053.0,139,CA,CAD,2021-06-05,2021-08-03,cat3,subcat12
2776,1487,Hughes Inc,4000.0,1620.0,16,US,USD,2021-01-17,2021-01-30,cat4,
2099,3474,Olsen-Ryan,5600.0,10328.0,159,US,USD,2020-07-13,2021-05-04,cat5,subcat6
470,5771,"Grimes, Holland and Sloan",3600.0,10289.0,381,US,USD,2021-04-16,2021-10-13,cat3,subcat8
343,6074,Perry and Sons,3100.0,9889.0,194,GB,GBP,2021-03-04,2022-01-01,cat1,subcat1
2090,1568,"Turner, Young and Collins",153800.0,60342.0,575,US,USD,2020-10-28,2021-02-27,cat2,subcat2
1401,4263,Richardson Inc,5000.0,8907.0,106,US,USD,2021-02-21,2021-08-15,cat2,subcat5
596,5850,Santos-Young,4000.0,14606.0,142,US,USD,2021-02-03,2021-07-14,cat5,subcat20
1139,5619,Nichols Ltd,7400.0,8432.0,211,US,USD,2021-07-02,2021-07-18,cat6,subcat19
2080,1904,Murphy PLC,191500.0,57122.0,1120,US,USD,2021-06-26,2021-10-13,cat6,subcat14
88,5388,"Hogan, Porter and Rivera",8500.0,4613.0,113,US,USD,2021-07-14,2021-08-23,cat5,subcat23
2806,2150,Lyons LLC,68800.0,162603.0,2756,US,USD,2020-09-12,2021-04-13,cat3,subcat8
3153,2653,Long-Greene,2400.0,12310.0,173,GB,GBP,2020-07-27,2021-08-21,cat1,subcat1
2391,2687,Robles-Hudson,8600.0,8656.0,87,US,USD,2021-08-28,2021-09-22,cat8,subcat15
84,3779,Mcclure LLC,196600.0,159931.0,1538,US,USD,2021-06-12,2021-12-02,cat4,
1987,1494,"Martin, Russell and Baker",4200.0,689.0,9,US,USD,2021-01-21,2021-12-30,cat6,subcat14
2790,4129,Rice-Parker,91400.0,48236.0,554,US,USD,2020-06-03,2021-05-15,cat4,
37,3035,Landry Inc,29600.0,77021.0,1572,GB,GBP,2021-06-19,2021-06-24,cat1,subcat1
2981,2069,Richards-Davis,90600.0,27844.0,648,GB,GBP,2020-06-17,2021-05-22,cat4,
1730,5469,"Davis, Cox and Fox",5200.0,702.0,21,GB,GBP,2021-03-28,2021-09-06,cat6,subcat19
3172,3903,Smith-Wallace,110300.0,197024.0,2346,US,USD,2021-02-13,2021-09-15,cat4,
32,4083,"Cordova, Shaw and Wang",5300.0,11663.0,115,US,USD,2021-01-13,2021-08-26,cat4,
2322,4003,Clark Inc,9200.0,9339.0,85,IT,EUR,2021-06-07,2021-09-06,cat3,subcat8
1095,3565,Young and Sons,2400.0,4596.0,144,US,USD,2020-11-28,2021-02-28,cat9,subcat24
1067,1640,Henson PLC,56800.0,173437.0,2443,US,USD,2021-07-24,2021-08-08,cat1,subcat1
2676,4769,Garcia Group,191000.0,45831.0,595,US,USD,2020-11-07,2021-03-15,cat5,subcat13
549,3398,"Adams, Walker and Wong",900.0,6514.0,64,US,USD,2020-03-24,2021-02-25,cat8,subcat15
302,1865,Hopkins-Browning,2500.0,13684.0,268,US,USD,2020-05-30,2021-06-13,cat3,subcat8
2758,5690,"Bell, Edwards and Andersen",3200.0,13264.0,195,DK,DKK,2020-10-30,2021-11-15,cat4,
2450,3814,Morales Group,183800.0,1667.0,54,US,USD,2021-05-21,2022-01-07,cat5,subcat10
2310,2942,Lucero Group,9800.0,3349.0,120,US,USD,2020-07-14,2021-03-26,cat3,subcat8
2185,5095,"Smith, Brown and Davis",193400.0,46317.0,579,DK,DKK,2021-12-27,2022-01-14,cat3,subcat3
2185,5095,"Smith, Brown and Davis",193400.0,46317.0,579,DK,DKK,2021-12-27,2022-01-14,cat3,subcat12
1929,2878,Hunt Group,163800.0,78743.0,2072,US,USD,2021-01-08,2021-04-13,cat5,subcat4
1823,3697,Valdez Ltd,100.0,0.0,0,US,USD,2020-06-17,2021-06-26,cat4,
699,4744,Mccann-Le,153600.0,107743.0,1796,US,USD,2021-02-01,2021-07-20,cat5,subcat4
1926,2104,Johnson Inc,1300.0,6889.0,186,AU,AUD,2020-06-01,2021-03-30,cat7,subcat11
2208,4883,Collins LLC,25500.0,45983.0,460,US,USD,2021-04-14,2021-12-07,cat5,subcat6
3136,4807,Smith-Miller,7500.0,6924.0,62,IT,EUR,2021-04-08,2021-05-19,cat2,subcat2
1623,1372,Jensen-Vargas,89900.0,12497.0,347,US,USD,2020-08-27,2021-04-06,cat6,subcat16
277,3666,"Robles, Bell and Gonzalez",18000.0,166874.0,2528,US,USD,2021-08-10,2021-08-16,cat4,
1522,2066,"Turner, Miller and Francis",2100.0,837.0,19,US,USD,2020-12-26,2021-07-03,cat3,subcat3
1522,2066,"Turner, Miller and Francis",2100.0,837.0,19,US,USD,2020-12-26,2021-07-03,cat3,subcat12
2582,1834,Roberts Group,172700.0,193820.0,3657,US,USD,2021-01-06,2022-01-04,cat4,
595,5853,White LLC,168500.0,119510.0,1258,US,USD,2021-01-01,2022-01-22,cat4,
1060,2219,"Best, Miller and Thomas",7800.0,9289.0,131,AU,AUD,2021-06-06,2021-07-21,cat5,subcat6
2551,4148,Smith-Mullins,147800.0,35498.0,362,US,USD,2020-12-22,2021-12-21,cat4,
975,4477,Williams-Walsh,9100.0,12678.0,239,US,USD,2020-06-26,2021-02-13,cat7,subcat11
300,1786,"Harrison, Blackwell and Mendez",8300.0,3260.0,35,US,USD,2021-07-10,2021-11-02,cat5,subcat20
1883,3455,"Sanchez, Bradley and Flores",138700.0,31123.0,528,CH,CHF,2021-01-30,2021-10-19,cat2,subcat2
2973,5707,Cox LLC,8600.0,4797.0,133,CA,CAD,2020-10-27,2021-06-27,cat4,
1831,5470,Morales-Odonnell,125400.0,53324.0,846,US,USD,2020-09-03,2021-02-15,cat6,subcat9
3019,3274,Ramirez LLC,5900.0,6608.0,78,US,USD,2021-04-05,2021-06-12,cat1,subcat1
1598,4613,Ramirez Group,8800.0,622.0,10,US,USD,2020-12-12,2021-06-28,cat5,subcat10
1898,4465,Marsh-Coleman,177700.0,180802.0,1773,US,USD,2020-09-25,2021-03-23,cat2,subcat2
944,1652,"Frederick, Jenkins and Collins",800.0,3406.0,32,US,USD,2020-08-13,2021-05-22,cat4,
2775,2100,Wilson Ltd,7600.0,11061.0,369,US,USD,2021-04-01,2021-11-07,cat5,subcat6
2021,4321,"Cline, Peterson and Lowery",50500.0,16389.0,191,US,USD,2021-03-12,2021-10-24,cat5,subcat13
1473,4168,"Underwood, James and Jones",900.0,6303.0,89,US,USD,2020-08-02,2021-03-16,cat5,subcat13
353,3733,Johnson-Contreras,96700.0,81136.0,1979,US,USD,2020-06-15,2021-05-29,cat4,
400,2594,"Greene, Lloyd and Sims",2100.0,1768.0,63,US,USD,2021-05-01,2021-09-02,cat3,subcat8
930,3909,Smith-Sparks,8300.0,12944.0,147,US,USD,2021-09-20,2021-09-27,cat4,
1281,5179,Rosario-Smith,189200.0,188480.0,6080,CA,CAD,2021-05-16,2021-07-22,cat5,subcat10
726,2228,"Avila, Ford and Welch",9000.0,7227.0,80,GB,GBP,2020-05-24,2021-05-26,cat2,subcat7
2177,6222,Gallegos Inc,5100.0,574.0,9,US,USD,2020-04-29,2021-04-04,cat7,subcat11
1652,2354,"Morrow, Santiago and Soto",105000.0,96328.0,1784,US,USD,2021-05-05,2021-05-26,cat6,subcat14
65,1725,Berry-Richardson,186700.0,178338.0,3640,CH,CHF,2020-05-28,2021-05-29,cat7,subcat11
911,2960,Cordova-Torres,1600.0,8046.0,126,CA,CAD,2021-01-25,2021-02-05,cat4,
2082,2077,"Holt, Bernard and Johnson",115600.0,184086.0,2218,GB,GBP,2021-01-04,2021-04-11,cat2,subcat7
458,5662,"Clark, Mccormick and Mendoza",89100.0,13385.0,243,US,USD,2021-05-23,2021-06-25,cat5,subcat6
1085,3481,Garrison LLC,2600.0,12533.0,202,IT,EUR,2021-01-28,2022-01-02,cat4,
1451,2565,Shannon-Olson,9800.0,14697.0,140,IT,EUR,2020-10-14,2021-05-30,cat6,subcat14
1068,4436,Murillo-Mcfarland,84400.0,98935.0,1052,DK,DKK,2020-10-10,2021-04-18,cat5,subcat4
241,5072,"Young, Gilbert and Escobar",151300.0,57034.0,1296,US,USD,2020-10-11,2021-06-07,cat7,subcat21
2654,5200,"Thomas, Welch and Santana",9800.0,7120.0,77,US,USD,2021-01-13,2021-05-05,cat1,subcat1
159,4502,Brown-Pena,5300.0,14097.0,247,US,USD,2020-03-08,2021-02-26,cat8,subcat15
1010,4945,"Holder, Caldwell and Vance",178000.0,43086.0,395,IT,EUR,2020-09-17,2021-05-25,cat7,subcat21
1807,3012,Harrison-Bridges,77000.0,1930.0,49,GB,GBP,2021-03-04,2021-09-21,cat2,subcat7
1135,6094,"Johnson, Murphy and Peterson",84900.0,13864.0,180,US,USD,2021-01-28,2021-08-11,cat7,subcat11
1859,3815,Taylor Inc,2800.0,7742.0,84,US,USD,2020-08-02,2021-05-24,cat2,subcat2
1265,4838,Deleon and Sons,184800.0,164109.0,2690,US,USD,2021-01-11,2021-12-28,cat4,
2648,3469,"Benjamin, Paul and Ferguson",4200.0,6870.0,88,US,USD,2020-12-17,2021-08-09,cat4,
141,4874,Hardin-Dixon,1300.0,12597.0,156,US,USD,2021-06-20,2022-01-31,cat5,subcat6
1944,1792,York-Pitts,66100.0,179074.0,2985,US,USD,2021-10-19,2022-02-23,cat4,
3187,4356,Jarvis and Sons,29500.0,83843.0,762,US,USD,2021-05-21,2021-07-20,cat3,subcat8
1436,6196,Morrison-Henderson,100.0,4.0,1,CH,CHF,2021-06-18,2021-11-12,cat2,subcat7
1384,3578,Martin-James,180100.0,105598.0,2779,AU,AUD,2021-01-11,2021-03-30,cat3,subcat3
1384,3578,Martin-James,180100.0,105598.0,2779,AU,AUD,2021-01-11,2021-03-30,cat3,subcat12
2446,4491,"Mercer, Solomon and Singleton",9000.0,8866.0,92,US,USD,2020-12-04,2021-05-27,cat4,
2215,3054,"Dougherty, Austin and Mills",170600.0,75022.0,1028,US,USD,2020-12-11,2021-05-26,cat2,subcat2
2704,1968,Ritter PLC,9500.0,14408.0,554,CA,CAD,2020-12-25,2021-07-12,cat2,subcat7
2470,5869,Anderson Group,6300.0,14089.0,135,DK,DKK,2020-05-09,2021-05-01,cat2,subcat2
1056,5858,Smith and Sons,5200.0,12467.0,122,US,USD,2020-04-01,2021-03-01,cat6,subcat19
1278,5203,Lam-Hamilton,6000.0,11960.0,221,US,USD,2021-06-14,2021-08-18,cat5,subcat23
2987,2577,Ho Ltd,5800.0,7966.0,126,US,USD,2020-08-03,2021-03-30,cat4,
417,3216,"Brown, Estrada and Jensen",105300.0,106321.0,1022,US,USD,2020-09-19,2021-05-22,cat4,
670,2037,Hunt LLC,20000.0,158832.0,3177,US,USD,2021-06-21,2022-02-07,cat5,subcat10
1427,3867,Fowler-Smith,3000.0,11091.0,198,CH,CHF,2021-03-03,2021-11-19,cat4,
2918,5109,Blair Inc,9900.0,1269.0,26,CH,CHF,2021-02-05,2021-11-04,cat2,subcat2
306,1376,"Kelley, Stanton and Sanchez",3700.0,5107.0,85,AU,AUD,2021-03-29,2021-09-29,cat5,subcat4
1714,5260,Hernandez-Macdonald,168700.0,141393.0,1790,US,USD,2020-04-27,2021-05-18,cat4,
1354,2350,Joseph LLC,94900.0,194166.0,3596,US,USD,2021-01-20,2021-05-11,cat4,
810,2269,Webb-Smith,9300.0,4124.0,37,US,USD,2021-09-04,2021-11-29,cat2,subcat5
304,3650,Johns PLC,6800.0,14865.0,244,US,USD,2020-11-01,2021-06-12,cat2,subcat2
752,3934,Hardin-Foley,72400.0,134688.0,5180,US,USD,2020-06-21,2021-05-21,cat4,
2254,4048,"Fischer, Fowler and Arnold",20100.0,47705.0,589,IT,EUR,2021-06-08,2022-01-21,cat5,subcat10
1654,4266,Martinez-Juarez,31200.0,95364.0,2725,US,USD,2021-06-07,2021-10-31,cat2,subcat2
2729,3863,Wilson and Sons,3500.0,3295.0,35,IT,EUR,2021-05-16,2021-10-11,cat5,subcat13
913,4922,Clements Group,9000.0,4896.0,94,US,USD,2021-02-10,2021-04-08,cat2,subcat2
1388,4517,Valenzuela-Cook,6700.0,7496.0,300,US,USD,2021-01-04,2021-10-04,cat9,subcat24
76,3259,"Parker, Haley and Foster",2700.0,9967.0,144,US,USD,2020-06-25,2021-05-27,cat1,subcat1
1172,3123,Fuentes LLC,83300.0,52421.0,558,US,USD,2021-04-09,2021-11-29,cat4,
2579,3870,Moran and Sons,9700.0,6298.0,64,US,USD,2021-05-10,2021-06-30,cat4,
2371,2996,Stevens Inc,8200.0,1546.0,37,US,USD,2021-10-08,2021-11-27,cat2,subcat18
359,2993,Martinez-Johnson,96500.0,16168.0,245,US,USD,2021-04-29,2021-12-14,cat5,subcat23
1423,4556,Franklin Inc,6200.0,6269.0,87,US,USD,2020-05-01,2021-04-13,cat2,subcat18
2239,2326,Perez PLC,43800.0,149578.0,3116,US,USD,2020-06-28,2021-06-05,cat4,
1835,4109,"Sanchez, Cross and Savage",6000.0,3841.0,71,US,USD,2021-02-15,2021-05-05,cat3,subcat3
1835,4109,"Sanchez, Cross and Savage",6000.0,3841.0,71,US,USD,2021-02-15,2021-05-05,cat3,subcat12
2097,5739,Pineda Ltd,8700.0,4531.0,42,US,USD,2020-08-11,2021-10-08,cat7,subcat11
1165,5887,Powell and Sons,18900.0,60934.0,909,US,USD,2020-10-17,2021-07-31,cat5,subcat4
1368,1651,Nunez-Richards,86400.0,103255.0,1613,US,USD,2020-10-12,2021-10-21,cat3,subcat3
1368,1651,Nunez-Richards,86400.0,103255.0,1613,US,USD,2020-10-12,2021-10-21,cat3,subcat12
2331,1628,Pugh LLC,8900.0,13065.0,136,US,USD,2020-08-15,2021-07-04,cat6,subcat19
3145,2642,Rowe-Wong,700.0,6654.0,130,US,USD,2021-07-16,2021-12-17,cat2,subcat2
2313,6020,Williams-Santos,9400.0,6852.0,156,CA,CAD,2021-01-15,2021-04-08,cat1,subcat1
251,4747,Weber Inc,157600.0,124517.0,1368,GB,GBP,2021-01-13,2021-11-02,cat4,
1956,5534,"Avery, Brown and Parker",7900.0,5113.0,102,US,USD,2020-08-11,2021-06-25,cat5,subcat4
1575,4790,Cox Group,7100.0,5824.0,86,AU,AUD,2021-01-20,2021-04-29,cat6,subcat16
1917,4632,Jensen LLC,600.0,6226.0,102,US,USD,2020-10-27,2021-09-11,cat7,subcat11
2447,1952,Brown Inc,156800.0,20243.0,253,US,USD,2021-09-19,2021-12-04,cat4,
1813,4388,Hale-Hayes,121600.0,188288.0,4006,US,USD,2021-01-05,2021-11-27,cat5,subcat10
367,5529,Mcbride PLC,157300.0,11167.0,157,US,USD,2020-10-18,2021-02-25,cat4,
1803,1316,Harris-Jennings,70300.0,146595.0,1629,US,USD,2021-05-01,2021-09-16,cat4,
284,1670,Becker-Scott,7900.0,7875.0,183,US,USD,2021-12-23,2021-12-26,cat5,subcat6
2603,4909,"Todd, Freeman and Henry",73800.0,148779.0,2188,US,USD,2020-10-17,2021-06-01,cat4,
653,3401,"Martinez, Garza and Young",108500.0,175868.0,2409,IT,EUR,2021-01-06,2021-10-27,cat2,subcat2
1131,4619,Smith-Ramos,140300.0,5112.0,82,DK,DKK,2020-09-20,2021-06-27,cat5,subcat4
349,4722,Brown-George,100.0,5.0,1,GB,GBP,2021-04-20,2021-06-30,cat1,subcat1
2509,2188,Waters and Sons,6300.0,13018.0,194,US,USD,2021-08-12,2022-01-16,cat3,subcat8
3139,5497,Brown Ltd,71100.0,91176.0,1140,US,USD,2020-11-08,2021-05-21,cat4,
480,5711,"Christian, Yates and Greer",5300.0,6342.0,102,US,USD,2021-02-16,2021-11-04,cat4,
1205,4076,"Cole, Hernandez and Rodriguez",88700.0,151438.0,2857,US,USD,2021-03-27,2021-10-01,cat4,
291,1847,"Ortiz, Valenzuela and Collins",3300.0,6178.0,107,US,USD,2021-01-04,2021-07-28,cat6,subcat9
1758,2816,Valencia PLC,3400.0,6405.0,160,GB,GBP,2021-05-13,2021-08-21,cat2,subcat2
766,5019,"Gordon, Mendez and Johnson",137600.0,180667.0,2230,US,USD,2020-08-29,2021-08-05,cat1,subcat1
569,4869,Johnson Group,3900.0,11075.0,316,US,USD,2021-02-28,2021-05-08,cat2,subcat18
50,3613,Rose-Fuller,10000.0,12042.0,117,US,USD,2021-09-28,2021-10-04,cat5,subcat23
1875,3069,"Hughes, Mendez and Patterson",42800.0,179356.0,6406,US,USD,2021-09-30,2022-02-01,cat4,
3040,2601,"Brady, Cortez and Rodriguez",8200.0,1136.0,15,US,USD,2021-03-05,2021-07-02,cat4,
179,2133,"Wang, Nguyen and Horton",6200.0,8645.0,192,US,USD,2021-09-10,2021-11-05,cat2,subcat5
114,3164,"Santos, Williams and Brown",1100.0,1914.0,26,CA,CAD,2020-08-21,2021-08-03,cat4,
260,3897,Barnett and Sons,26500.0,41205.0,723,US,USD,2021-04-06,2021-12-17,cat4,
1810,5663,Petersen-Rodriguez,8500.0,14488.0,170,IT,EUR,2021-06-28,2021-11-20,cat4,
68,3879,Burnett-Mora,6400.0,12129.0,238,GB,GBP,2020-09-06,2021-08-01,cat2,subcat7
1148,5900,King LLC,1400.0,3496.0,55,US,USD,2021-01-18,2021-12-31,cat4,
2489,2272,Miller Ltd,198600.0,97037.0,1198,US,USD,2020-11-10,2021-10-30,cat6,subcat9
1586,5436,Case LLC,195900.0,55757.0,648,US,USD,2020-02-28,2021-03-01,cat4,
2339,3676,"Swanson, Wilson and Baker",4300.0,11525.0,128,AU,AUD,2021-02-25,2021-05-07,cat8,subcat15
1687,4676,"Dean, Fox and Phillips",25600.0,158669.0,2144,US,USD,2021-12-03,2021-12-31,cat4,
1260,1563,Smith-Smith,189000.0,5916.0,64,US,USD,2021-03-10,2021-05-26,cat2,subcat7
2240,4349,"Smith, Scott and Rodriguez",94300.0,150806.0,2693,GB,GBP,2020-04-24,2021-02-24,cat4,
1762,1658,"White, Robertson and Roberts",5100.0,14249.0,432,US,USD,2020-05-09,2021-05-22,cat8,subcat15
331,2552,Martinez Inc,7500.0,5803.0,62,US,USD,2020-07-05,2021-06-08,cat4,
1330,4847,"Tucker, Mccoy and Marquez",6400.0,13205.0,189,US,USD,2020-11-03,2021-06-03,cat4,
427,1553,"Martin, Lee and Armstrong",1600.0,11108.0,154,GB,GBP,2020-11-18,2021-08-05,cat1,subcat1
2929,2632,"Dunn, Moreno and Green",1900.0,2884.0,96,US,USD,2021-02-23,2021-02-28,cat2,subcat7
2940,1908,"Jackson, Martinez and Ray",85900.0,55476.0,750,US,USD,2021-04-05,2022-01-19,cat4,
2047,5801,Patterson-Johnson,9500.0,5973.0,87,US,USD,2021-08-30,2021-12-01,cat4,
536,1935,Carlson-Hernandez,59200.0,183756.0,3063,US,USD,2021-08-21,2022-01-26,cat4,
238,2609,Parker PLC,72100.0,30902.0,278,US,USD,2021-01-05,2021-07-21,cat4,
30,2740,Yu and Sons,6700.0,5569.0,105,US,USD,2021-09-28,2021-12-17,cat5,subcat10
1151,1907,"Taylor, Johnson and Hernandez",118200.0,92824.0,1658,US,USD,2021-08-29,2021-09-24,cat5,subcat20
1484,1831,Mack Ltd,139000.0,158590.0,2266,US,USD,2021-01-14,2021-02-16,cat5,subcat20
1941,5177,Lamb-Sanders,197700.0,127591.0,2604,DK,DKK,2021-04-30,2021-12-26,cat5,subcat10
546,6179,Williams-Ramirez,8500.0,6750.0,65,US,USD,2021-01-14,2021-11-04,cat4,
221,2917,Weaver Ltd,81600.0,9318.0,94,US,USD,2020-04-12,2021-01-14,cat4,
2882,1486,Barnes-Williams,8600.0,4832.0,45,US,USD,2021-03-02,2021-12-02,cat5,subcat6
2938,3735,"Richardson, Woodward and Hansen",119800.0,19769.0,257,US,USD,2020-11-08,2021-07-24,cat4,
785,3838,"Hunt, Barker and Baker",9400.0,11277.0,194,CH,CHF,2021-05-08,2021-09-15,cat4,
2785,2430,"Ramos, Moreno and Lewis",9200.0,13382.0,129,CA,CAD,2021-02-13,2021-10-21,cat3,subcat8
876,2480,Harris Inc,14900.0,32986.0,375,US,USD,2020-06-05,2021-04-22,cat4,
932,3431,Peters-Nelson,169400.0,81984.0,2928,CA,CAD,2021-03-15,2021-10-01,cat4,
507,1742,"Ferguson, Murphy and Bright",192100.0,178483.0,4697,US,USD,2021-04-25,2021-10-10,cat2,subcat2
1672,4628,Robinson Group,98700.0,87448.0,2915,US,USD,2021-01-25,2021-11-24,cat7,subcat11
917,2385,Jordan-Wolfe,4500.0,1863.0,18,US,USD,2021-04-10,2021-04-25,cat6,subcat19
2931,2213,Vargas-Cox,98600.0,62174.0,723,US,USD,2021-05-06,2021-06-22,cat1,subcat1
2415,5188,Yang and Sons,121700.0,59003.0,602,CH,CHF,2021-04-29,2021-11-21,cat4,
1805,3418,"Wilson, Wilson and Mathis",100.0,2.0,1,US,USD,2021-06-11,2021-10-26,cat2,subcat18
495,5637,"Wang, Koch and Weaver",196700.0,174039.0,3868,IT,EUR,2021-08-01,2021-12-27,cat5,subcat13
2988,3530,Cisneros Ltd,10000.0,12684.0,409,US,USD,2020-10-17,2021-08-24,cat3,subcat3
2988,3530,Cisneros Ltd,10000.0,12684.0,409,US,USD,2020-10-17,2021-08-24,cat3,subcat12
3169,3731,Williams-Jones,600.0,14033.0,234,US,USD,2020-05-06,2021-05-31,cat3,subcat3
3169,3731,Williams-Jones,600.0,14033.0,234,US,USD,2020-05-06,2021-05-31,cat3,subcat12
467,3219,"Roberts, Hinton and Williams",35000.0,177936.0,3016,US,USD,2020-07-04,2021-03-31,cat2,subcat17
1551,2392,"Gonzalez, Williams and Benson",6900.0,13212.0,264,US,USD,2020-07-30,2021-07-03,cat8,subcat15
2467,5103,"Hobbs, Brown and Lee",118400.0,49879.0,504,AU,AUD,2021-02-07,2021-06-11,cat1,subcat1
1193,3992,"Russo, Kim and Mccoy",10000.0,824.0,14,US,USD,2020-11-17,2021-09-22,cat5,subcat23
1016,2442,"Howell, Myers and Olson",52600.0,31594.0,390,US,USD,2021-04-24,2021-08-05,cat2,subcat2
313,2913,Bailey and Sons,120700.0,57010.0,750,GB,GBP,2021-06-19,2022-01-03,cat5,subcat4
117,1631,Jensen-Brown,9100.0,7438.0,77,US,USD,2021-04-01,2021-04-11,cat4,
2747,4073,Smith Group,106800.0,57872.0,752,DK,DKK,2021-08-27,2021-12-19,cat2,subcat18
1244,4568,Murphy-Farrell,9100.0,8906.0,131,US,USD,2021-01-23,2021-04-17,cat4,
564,1830,Everett-Wolfe,10000.0,7724.0,87,US,USD,2020-12-09,2021-06-14,cat4,
3129,2623,Young PLC,79400.0,26571.0,1063,US,USD,2020-05-20,2021-02-06,cat2,subcat18
800,4327,Park-Goodman,5100.0,12219.0,272,US,USD,2020-10-29,2021-03-25,cat5,subcat4
1255,3713,"York, Barr and Grant",3100.0,1985.0,25,US,USD,2020-12-21,2021-02-24,cat4,
2448,2389,Little Ltd,6900.0,12155.0,419,US,USD,2021-01-25,2021-04-18,cat9,subcat24
578,5141,Brown and Sons,27500.0,5593.0,76,US,USD,2021-06-08,2022-01-03,cat4,
418,3522,"Payne, Garrett and Thomas",48800.0,175020.0,1621,IT,EUR,2020-12-21,2021-12-15,cat4,
255,1334,Robinson Group,16200.0,75955.0,1101,US,USD,2020-07-03,2021-05-18,cat2,subcat7
1918,4721,Robinson-Kelly,97600.0,119127.0,1073,US,USD,2020-08-29,2021-06-14,cat4,
2837,3768,Kelly-Colon,197900.0,110689.0,4428,AU,AUD,2021-09-18,2021-11-30,cat4,
842,1639,"Turner, Scott and Gentry",5600.0,2445.0,58,IT,EUR,2021-03-31,2021-12-04,cat2,subcat7
503,5149,Sanchez Ltd,170700.0,57250.0,1218,US,USD,2021-05-14,2021-08-08,cat8,subcat15
602,2153,Giles-Smith,9700.0,11929.0,331,US,USD,2022-02-01,2022-02-16,cat9,subcat24
1317,2767,Thompson-Moreno,62300.0,118214.0,1170,US,USD,2021-03-10,2022-01-12,cat8,subcat15
2071,5124,Murphy-Fox,5300.0,4432.0,111,US,USD,2021-06-08,2021-12-27,cat6,subcat14
2773,2097,Rodriguez-Patterson,99500.0,17879.0,215,US,USD,2021-02-27,2021-11-23,cat5,subcat6
1814,4796,Davis Ltd,1400.0,14511.0,363,US,USD,2020-10-11,2021-04-05,cat1,subcat1
2600,5849,Nelson-Valdez,145600.0,141822.0,2955,US,USD,2020-02-14,2021-04-06,cat7,subcat21
426,1495,Kelly PLC,184100.0,159037.0,1657,US,USD,2021-03-11,2021-07-05,cat4,
2206,2462,Nguyen and Sons,5400.0,8109.0,103,US,USD,2020-09-13,2021-02-12,cat4,
2032,2280,Jones PLC,2300.0,8244.0,147,US,USD,2021-01-30,2021-04-09,cat4,
397,1877,Gilmore LLC,1400.0,7600.0,110,CA,CAD,2020-12-09,2021-07-17,cat6,subcat9
865,6108,Lee-Cobb,140000.0,94501.0,926,CA,CAD,2021-04-14,2022-01-07,cat4,
3027,4427,"Jones, Wiley and Robbins",7500.0,14381.0,134,US,USD,2020-11-01,2021-10-22,cat3,subcat8
31,2881,"Martin, Gates and Holt",1500.0,13980.0,269,US,USD,2021-01-11,2021-04-21,cat4,
1234,2339,"Bowen, Davies and Burns",2900.0,12449.0,175,US,USD,2021-01-18,2021-08-14,cat5,subcat20
497,5156,Nguyen Inc,7300.0,7348.0,69,US,USD,2020-09-11,2021-06-19,cat3,subcat3
497,5156,Nguyen Inc,7300.0,7348.0,69,US,USD,2020-09-11,2021-06-19,cat3,subcat12
2084,4750,Walsh-Watts,3600.0,8158.0,190,US,USD,2021-10-05,2021-11-24,cat5,subcat4
337,4852,"Ray, Li and Li",5000.0,7119.0,237,US,USD,2021-02-04,2021-08-14,cat5,subcat4
3182,5734,Murray Ltd,6000.0,5438.0,77,GB,GBP,2020-11-19,2021-10-20,cat2,subcat2
1494,3801,Bradford-Silva,180400.0,115396.0,1748,US,USD,2020-10-09,2021-06-26,cat4,
2570,4474,Mora-Bradley,9100.0,7656.0,79,US,USD,2021-01-09,2021-08-01,cat4,
2205,1992,"Cardenas, Thompson and Carey",9200.0,12322.0,196,IT,EUR,2021-04-10,2021-04-20,cat2,subcat2
314,5796,"Lopez, Reid and Johnson",164100.0,96888.0,889,US,USD,2021-03-22,2021-09-20,cat4,
1659,1373,Fox-Williams,128900.0,196960.0,7295,US,USD,2021-12-15,2022-01-13,cat2,subcat5
1656,1879,"Taylor, Wood and Taylor",42100.0,188057.0,2893,CA,CAD,2020-07-15,2021-03-11,cat3,subcat8
514,3072,King Inc,7400.0,6245.0,56,US,USD,2020-12-23,2021-09-26,cat5,subcat6
649,4561,"Cole, Petty and Cameron",100.0,3.0,1,US,USD,2020-08-12,2021-04-17,cat3,subcat8
1769,5201,Mcclain LLC,52000.0,91014.0,820,US,USD,2021-01-17,2021-09-09,cat4,
33,5871,Sims-Gross,8700.0,4710.0,83,US,USD,2021-03-05,2021-03-27,cat3,subcat8
195,3041,Perez Group,63400.0,197728.0,2038,US,USD,2021-05-01,2021-11-03,cat6,subcat19
742,5864,Haynes-Williams,8700.0,10682.0,116,US,USD,2020-09-05,2021-04-25,cat5,subcat10
2093,3999,Ford LLC,169700.0,168048.0,2025,GB,GBP,2021-08-01,2021-10-05,cat6,subcat9
1338,4849,Moreno Ltd,108400.0,138586.0,1345,AU,AUD,2021-04-14,2021-05-30,cat3,subcat3
1338,4849,Moreno Ltd,108400.0,138586.0,1345,AU,AUD,2021-04-14,2021-05-30,cat3,subcat12
52,5461,"Moore, Cook and Wright",7300.0,11579.0,168,US,USD,2021-03-19,2021-05-17,cat5,subcat6
1651,5946,Ortega LLC,1700.0,12020.0,137,CH,CHF,2021-04-12,2021-09-07,cat4,
452,4508,"Silva, Walker and Martin",9800.0,13954.0,186,IT,EUR,2022-01-15,2022-01-20,cat4,
1808,5096,"Huynh, Gallegos and Mills",4300.0,6358.0,125,US,USD,2021-04-14,2021-10-08,cat4,
2288,5443,Anderson LLC,6200.0,1260.0,14,IT,EUR,2020-05-20,2021-06-23,cat4,
1855,2165,Garza-Bryant,800.0,14725.0,202,US,USD,2021-07-16,2021-11-19,cat4,
3035,2125,Mays LLC,6900.0,11174.0,103,US,USD,2020-03-14,2021-01-31,cat6,subcat16
2285,6141,Evans-Jones,38500.0,182036.0,1785,US,USD,2021-03-15,2021-09-22,cat2,subcat2
1203,5245,"Fischer, Torres and Walker",118000.0,28870.0,656,US,USD,2021-06-16,2021-08-03,cat7,subcat21
2852,2190,"Tapia, Kramer and Hicks",2000.0,10353.0,157,US,USD,2021-04-29,2021-08-15,cat4,
2160,2243,"Barnes, Wilcox and Riley",5600.0,13868.0,555,US,USD,2021-02-21,2022-01-02,cat5,subcat4
113,3336,Reyes PLC,8300.0,8317.0,297,US,USD,2020-09-13,2021-04-30,cat3,subcat8
2609,3305,"Pace, Simpson and Watkins",6900.0,10557.0,123,US,USD,2020-12-02,2021-03-22,cat6,subcat14
2529,6191,"Valenzuela, Davidson and Castro",8700.0,3227.0,38,DK,DKK,2021-04-14,2021-07-10,cat4,
1780,1326,Dominguez-Owens,123600.0,5429.0,60,US,USD,2021-07-16,2021-08-17,cat2,subcat2
1840,6159,Thomas-Simmons,48500.0,75906.0,3036,US,USD,2021-04-10,2021-07-20,cat5,subcat4
2280,2003,Beck-Knight,4900.0,13250.0,144,AU,AUD,2020-11-16,2021-09-14,cat4,
3150,5881,Mccoy Ltd,8400.0,11261.0,121,GB,GBP,2020-10-22,2021-10-11,cat4,
2490,1918,Dawson-Tyler,193200.0,97369.0,1596,US,USD,2020-12-08,2021-07-28,cat7,subcat21
3081,2157,Johns-Thomas,54300.0,48227.0,524,US,USD,2020-11-25,2021-04-07,cat4,
1954,3149,"Quinn, Cruz and Schmidt",8900.0,14685.0,181,US,USD,2021-05-01,2021-10-20,cat3,subcat3
1954,3149,"Quinn, Cruz and Schmidt",8900.0,14685.0,181,US,USD,2021-05-01,2021-10-20,cat3,subcat12
2560,2444,Stewart Inc,4200.0,735.0,10,US,USD,2021-01-24,2021-04-13,cat4,
1071,6207,Moore Group,5600.0,10397.0,122,US,USD,2021-12-09,2022-02-02,cat5,subcat6
1649,5580,Carson PLC,28800.0,118847.0,1071,CA,CAD,2021-09-05,2022-02-22,cat3,subcat8
685,5942,"Cruz, Hall and Mason",8000.0,7220.0,219,US,USD,2021-06-06,2021-07-08,cat3,subcat3
685,5942,"Cruz, Hall and Mason",8000.0,7220.0,219,US,USD,2021-06-06,2021-07-08,cat3,subcat12
1069,1592,"Glass, Baker and Jones",117000.0,107622.0,1121,US,USD,2021-05-24,2021-12-31,cat2,subcat2
1277,2344,Marquez-Kerr,15800.0,83267.0,980,US,USD,2021-04-01,2022-01-01,cat2,subcat17
2764,5995,Stone PLC,4200.0,13404.0,536,US,USD,2021-07-13,2021-09-17,cat4,
959,5022,Caldwell PLC,37100.0,131404.0,1991,US,USD,2020-12-17,2021-03-21,cat8,subcat15
1746,5991,Silva-Hawkins,7700.0,2533.0,29,US,USD,2020-09-21,2021-01-10,cat6,subcat9
2392,4020,Gardner Inc,3700.0,5028.0,180,US,USD,2021-07-22,2022-01-03,cat2,subcat7
2762,6028,Garcia Group,74700.0,1557.0,15,US,USD,2021-03-23,2021-06-16,cat4,
1699,2790,Meyer-Avila,10000.0,6100.0,191,US,USD,2020-12-02,2021-05-28,cat2,subcat7
220,4033,"Nelson, Smith and Graham",5300.0,1592.0,16,US,USD,2020-01-15,2021-02-03,cat4,
285,1261,Garcia Ltd,1200.0,14150.0,130,US,USD,2020-07-12,2021-07-10,cat4,
2182,1979,West-Stevens,1200.0,13513.0,122,US,USD,2021-03-30,2021-07-15,cat2,subcat5
2244,2122,Clark-Conrad,3900.0,504.0,17,US,USD,2021-07-27,2021-09-17,cat4,
2357,4506,Fitzgerald Group,2000.0,14240.0,140,US,USD,2020-10-12,2021-11-30,cat4,
971,3016,"Hill, Mccann and Moore",6900.0,2091.0,34,US,USD,2020-07-21,2021-06-11,cat3,subcat8
2077,3272,Edwards LLC,55800.0,118580.0,3388,US,USD,2020-12-25,2021-08-06,cat3,subcat3
2077,3272,Edwards LLC,55800.0,118580.0,3388,US,USD,2020-12-25,2021-08-06,cat3,subcat12
2197,1375,Greer and Sons,4900.0,11214.0,280,US,USD,2021-02-25,2021-04-28,cat4,
1294,4014,Martinez PLC,194900.0,68137.0,614,US,USD,2020-07-13,2021-06-20,cat5,subcat10
1111,3199,Hunter-Logan,8600.0,13527.0,366,IT,EUR,2020-08-20,2021-04-08,cat3,subcat8
985,2184,Ramos and Sons,100.0,1.0,1,GB,GBP,2021-06-11,2021-06-28,cat2,subcat5
487,2170,Lane-Barber,3600.0,8363.0,270,US,USD,2021-03-08,2021-07-22,cat6,subcat9
1496,1478,Lowery Group,5800.0,5362.0,114,US,USD,2020-12-24,2021-08-29,cat4,
3054,6163,Guerrero-Griffin,4700.0,12065.0,137,US,USD,2021-06-10,2022-01-08,cat8,subcat15
501,1889,"Perez, Reed and Lee",70400.0,118603.0,3205,US,USD,2020-09-01,2021-07-09,cat4,
632,5912,"Chen, Pollard and Clarke",4500.0,7496.0,288,DK,DKK,2021-03-17,2021-08-10,cat4,
1253,2537,"Serrano, Gallagher and Griffith",1300.0,10037.0,148,US,USD,2021-01-23,2021-11-08,cat4,
665,2118,Callahan-Gilbert,1400.0,5696.0,114,US,USD,2020-05-20,2021-03-06,cat5,subcat6
2505,3234,Logan-Miranda,29600.0,167005.0,1518,CA,CAD,2021-11-02,2021-11-10,cat2,subcat2
1519,3842,Rodriguez PLC,167500.0,114615.0,1274,US,USD,2020-01-19,2021-03-14,cat2,subcat5
1920,3032,Smith-Kennedy,48300.0,16592.0,210,IT,EUR,2021-08-21,2021-11-19,cat7,subcat11
2782,3238,Mitchell-Lee,2200.0,14420.0,166,US,USD,2021-07-03,2021-07-22,cat2,subcat2
2089,2059,Davis Ltd,3500.0,6204.0,100,AU,AUD,2021-04-22,2021-07-19,cat2,subcat18
2607,5238,Rowland PLC,5600.0,6338.0,235,US,USD,2020-07-22,2021-07-15,cat4,
2464,2578,Shaffer-Mason,1100.0,8010.0,148,US,USD,2021-09-27,2021-11-24,cat2,subcat2
335,4789,Matthews LLC,3900.0,8125.0,198,US,USD,2020-09-05,2021-04-21,cat2,subcat7
1973,2357,Montgomery-Castro,43800.0,13653.0,248,AU,AUD,2021-01-26,2022-01-18,cat5,subcat23
1006,1235,"Hale, Pearson and Jenkins",97200.0,55372.0,513,US,USD,2020-12-17,2021-05-27,cat6,subcat19
2678,3558,Ramirez-Calderon,4800.0,11088.0,150,US,USD,2020-10-01,2021-08-11,cat4,
2103,1707,Johnson-Morales,125600.0,109106.0,3410,US,USD,2021-01-26,2021-01-30,cat7,subcat11
627,2842,Mathis-Rodriguez,4300.0,11642.0,216,IT,EUR,2021-02-17,2021-06-02,cat4,
2242,5318,"Smith, Mack and Williams",5600.0,2769.0,26,US,USD,2020-07-04,2021-02-14,cat4,
2711,1620,Johnson-Pace,149600.0,169586.0,5139,US,USD,2021-07-10,2022-01-12,cat2,subcat7
1210,4998,"Meza, Kirby and Patel",53100.0,101185.0,2353,US,USD,2021-04-12,2021-04-21,cat4,
692,3111,Gonzalez-Snow,5000.0,6775.0,78,IT,EUR,2020-12-21,2021-12-01,cat3,subcat3
692,3111,Gonzalez-Snow,5000.0,6775.0,78,IT,EUR,2020-12-21,2021-12-01,cat3,subcat12
864,1424,Murphy LLC,9400.0,968.0,10,US,USD,2021-02-21,2021-06-16,cat2,subcat2
1349,3244,Taylor-Rowe,110800.0,72623.0,2201,US,USD,2021-06-08,2021-11-23,cat4,
1582,4643,Henderson Ltd,93800.0,45987.0,676,US,USD,2020-11-30,2021-05-07,cat4,
2862,6132,Moss-Guzman,1300.0,10243.0,174,CH,CHF,2020-09-08,2021-02-13,cat5,subcat10
23,3790,Webb Group,108700.0,87293.0,831,US,USD,2020-12-18,2021-03-14,cat4,
526,1312,Brooks-Rodriguez,5100.0,5421.0,164,US,USD,2021-02-19,2021-04-09,cat5,subcat6
2134,5686,Thomas Ltd,8700.0,4414.0,56,CH,CHF,2021-11-15,2021-12-26,cat4,
422,2111,Williams and Sons,5100.0,10981.0,161,US,USD,2021-03-07,2021-06-15,cat5,subcat10
988,5685,"Vega, Chan and Carney",7400.0,10451.0,138,US,USD,2021-04-18,2021-11-18,cat2,subcat2
812,1905,Byrd Group,88900.0,102535.0,3308,US,USD,2021-09-25,2021-09-28,cat3,subcat3
812,1905,Byrd Group,88900.0,102535.0,3308,US,USD,2021-09-25,2021-09-28,cat3,subcat12
1589,3271,"Peterson, Fletcher and Sanchez",6700.0,12939.0,127,AU,AUD,2021-10-07,2021-11-16,cat5,subcat10
2504,4178,Smith-Brown,1500.0,10946.0,207,IT,EUR,2020-12-01,2021-07-19,cat2,subcat18
1707,3275,Vance-Glover,61200.0,60994.0,859,CA,CAD,2021-02-27,2021-11-06,cat2,subcat2
3138,5713,Joyce PLC,3600.0,3174.0,31,US,USD,2020-09-25,2021-05-18,cat5,subcat10
120,3339,Kennedy-Miller,9000.0,3351.0,45,US,USD,2020-03-08,2021-03-25,cat4,
265,5585,White-Obrien,185900.0,56774.0,1113,US,USD,2021-11-26,2021-12-31,cat4,
2499,4407,"Stafford, Hess and Raymond",2100.0,540.0,6,US,USD,2021-09-23,2022-01-18,cat1,subcat1
127,1941,"Jordan, Schneider and Hall",2000.0,680.0,7,US,USD,2021-08-12,2021-10-04,cat4,
1705,4690,"Rodriguez, Cox and Rodriguez",1100.0,13045.0,181,CH,CHF,2020-06-09,2021-05-01,cat6,subcat9
415,3607,Welch Inc,6600.0,8276.0,110,US,USD,2021-10-06,2021-12-18,cat2,subcat2
3042,2670,Vasquez Inc,7100.0,1022.0,31,US,USD,2020-12-02,2021-07-02,cat5,subcat6
2098,5261,Freeman-Ferguson,7800.0,4275.0,78,US,USD,2021-02-10,2021-04-14,cat7,subcat21
1015,4121,"Houston, Moore and Rogers",7600.0,8332.0,185,US,USD,2021-08-12,2021-11-23,cat3,subcat3
1015,4121,"Houston, Moore and Rogers",7600.0,8332.0,185,US,USD,2021-08-12,2021-11-23,cat3,subcat12
2454,4620,Small-Fuentes,3400.0,6408.0,121,US,USD,2020-04-11,2021-01-28,cat4,
662,4630,Reid-Day,84500.0,73522.0,1225,GB,GBP,2021-07-13,2021-08-29,cat4,
751,3440,Wallace LLC,100.0,1.0,1,CH,CHF,2021-06-17,2021-07-16,cat2,subcat2
2336,3572,Olson-Bishop,2300.0,4667.0,106,US,USD,2020-11-04,2021-10-29,cat8,subcat15
1757,5306,"Rodriguez, Anderson and Porter",6200.0,12216.0,142,US,USD,2020-09-30,2021-09-07,cat8,subcat15
2779,5122,"Perez, Brown and Meyers",6100.0,6527.0,233,US,USD,2020-07-17,2021-07-12,cat4,
1698,1368,English-Mccullough,2600.0,6987.0,218,US,USD,2021-05-31,2021-09-19,cat2,subcat2
550,5370,Smith-Nguyen,9700.0,4932.0,67,AU,AUD,2021-01-18,2021-06-12,cat5,subcat4
746,5636,Harmon-Madden,700.0,8262.0,76,US,USD,2020-10-04,2021-07-30,cat5,subcat6
906,6033,Walker-Taylor,700.0,1848.0,43,US,USD,2021-05-25,2021-09-11,cat4,
3098,3599,"Harris, Medina and Mitchell",5200.0,1583.0,19,US,USD,2021-01-02,2021-05-11,cat1,subcat1
1052,5566,Williams and Sons,140800.0,88536.0,2108,CH,CHF,2020-07-12,2021-03-27,cat5,subcat4
1073,1873,Ball-Fisher,6400.0,12360.0,221,US,USD,2020-08-19,2021-01-28,cat4,
1327,3904,"Page, Holt and Mack",92500.0,71320.0,679,US,USD,2021-08-01,2021-10-14,cat7,subcat11
1849,4453,Landry Group,59700.0,134640.0,2805,CA,CAD,2020-12-17,2021-06-11,cat6,subcat9
1550,5481,Buckley Group,3200.0,7661.0,68,US,USD,2020-11-29,2021-03-01,cat7,subcat11
2139,2987,Vincent PLC,3200.0,2950.0,36,DK,DKK,2021-08-13,2021-12-26,cat2,subcat2
2442,2431,Watson-Douglas,9000.0,11721.0,183,CA,CAD,2021-03-29,2021-11-27,cat2,subcat2
108,4158,"Jones, Casey and Jones",2300.0,14150.0,133,US,USD,2020-12-06,2021-02-27,cat4,
322,3753,Alvarez-Bauer,51300.0,189192.0,2489,IT,EUR,2020-10-25,2021-04-24,cat6,subcat9
2060,4391,Martinez LLC,700.0,7664.0,69,US,USD,2021-11-10,2022-01-12,cat4,
589,2026,Buck-Khan,8900.0,4509.0,47,US,USD,2021-02-02,2021-09-26,cat7,subcat11
198,4547,"Valdez, Williams and Meyer",1500.0,12009.0,279,GB,GBP,2021-02-13,2021-12-04,cat2,subcat2
1485,2798,Alvarez-Andrews,4900.0,14273.0,210,US,USD,2021-01-08,2021-11-09,cat5,subcat4
2136,4732,Stewart and Sons,54000.0,188982.0,2100,US,USD,2020-02-17,2021-01-07,cat2,subcat2
3200,5126,Dyer Inc,4100.0,14640.0,252,US,USD,2021-01-01,2021-04-05,cat2,subcat2
2693,5151,"Anderson, Williams and Cox",85000.0,107516.0,1280,US,USD,2020-07-21,2021-03-11,cat6,subcat9
1335,2134,Solomon PLC,3600.0,13950.0,157,GB,GBP,2020-05-31,2021-05-13,cat5,subcat13
1171,5786,Miller-Hubbard,2800.0,12797.0,194,US,USD,2021-01-30,2021-09-14,cat4,
1935,5515,"Miranda, Martinez and Lowery",2300.0,6134.0,82,AU,AUD,2020-09-30,2021-03-29,cat5,subcat6
1097,4530,"Munoz, Cherry and Bell",7100.0,4899.0,70,US,USD,2021-02-12,2021-06-29,cat4,
1307,4088,Baker-Higgins,9600.0,4929.0,154,US,USD,2020-12-17,2021-07-16,cat4,
1300,3667,"Johnson, Turner and Carroll",121600.0,1424.0,22,US,USD,2021-09-29,2021-11-21,cat4,
2587,3286,Ward PLC,97100.0,105817.0,4233,US,USD,2020-05-05,2021-03-12,cat8,subcat15
964,4804,"Bradley, Beck and Mayo",43200.0,136156.0,1297,DK,DKK,2020-10-28,2021-08-14,cat6,subcat19
1093,5768,"Levine, Martin and Hernandez",6800.0,10723.0,165,DK,DKK,2021-02-01,2021-05-29,cat6,subcat19
1199,6098,"Gallegos, Wagner and Gaines",7300.0,11228.0,119,US,USD,2021-06-15,2021-07-20,cat4,
2259,2508,"Hodges, Smith and Kelly",86200.0,77355.0,1758,US,USD,2020-05-06,2021-02-09,cat3,subcat3
2259,2508,"Hodges, Smith and Kelly",86200.0,77355.0,1758,US,USD,2020-05-06,2021-02-09,cat3,subcat12
1169,5779,Macias Inc,8100.0,6086.0,94,US,USD,2020-09-02,2021-08-06,cat2,subcat7
2575,1717,Cook-Ortiz,17700.0,150960.0,1797,US,USD,2021-06-11,2021-08-22,cat2,subcat18
1889,3368,Jordan-Fischer,6400.0,8890.0,261,US,USD,2021-03-23,2021-09-23,cat4,
2267,4265,Pierce-Ramirez,7700.0,14644.0,157,US,USD,2021-09-19,2021-11-01,cat5,subcat4
78,4455,Howell and Sons,116300.0,116583.0,3533,US,USD,2021-05-10,2021-11-19,cat4,
55,2940,"Garcia, Dunn and Richardson",9100.0,12991.0,155,US,USD,2020-10-11,2021-03-10,cat3,subcat3
55,2940,"Garcia, Dunn and Richardson",9100.0,12991.0,155,US,USD,2020-10-11,2021-03-10,cat3,subcat12
725,6144,Lawson and Sons,1500.0,8447.0,132,IT,EUR,2021-03-21,2021-05-25,cat3,subcat8
1927,3657,Porter-Hicks,8800.0,2703.0,33,US,USD,2021-02-22,2021-06-21,cat8,subcat15
398,1537,Rodriguez-Hansen,8800.0,8747.0,94,US,USD,2021-09-15,2021-10-26,cat5,subcat4
2554,2116,Williams LLC,69900.0,138087.0,1354,GB,GBP,2021-11-17,2021-11-28,cat3,subcat3
2554,2116,Williams LLC,69900.0,138087.0,1354,GB,GBP,2021-11-17,2021-11-28,cat3,subcat12
2293,5102,"Cooper, Stanley and Bryant",1000.0,5085.0,48,US,USD,2021-06-07,2021-11-30,cat3,subcat3
2293,5102,"Cooper, Stanley and Bryant",1000.0,5085.0,48,US,USD,2021-06-07,2021-11-30,cat3,subcat12
2978,5815,"Miller, Glenn and Adams",4700.0,11174.0,110,US,USD,2021-03-22,2021-06-09,cat1,subcat1
1443,4250,"Cole, Salazar and Moreno",3200.0,10831.0,172,US,USD,2020-02-01,2021-02-08,cat5,subcat6
342,4533,Jones-Ryan,6700.0,8917.0,307,US,USD,2021-03-27,2021-10-09,cat2,subcat7
1719,3329,"Hood, Perez and Meadows",100.0,1.0,1,US,USD,2020-04-04,2021-03-11,cat2,subcat2
2004,3606,Bright and Sons,6000.0,12468.0,160,US,USD,2021-10-23,2021-11-20,cat2,subcat5
784,4749,Brady Ltd,4900.0,2505.0,31,US,USD,2020-09-28,2021-03-31,cat7,subcat11
3061,2222,Collier LLC,17100.0,111502.0,1467,CA,CAD,2020-09-09,2021-09-05,cat2,subcat7
559,1939,"Campbell, Thomas and Obrien",171000.0,194309.0,2662,CA,CAD,2021-07-15,2021-10-23,cat6,subcat14
978,2456,Moses-Terry,23400.0,23956.0,452,AU,AUD,2021-04-06,2021-07-20,cat4,
1387,2794,Williams and Sons,2400.0,8558.0,158,US,USD,2021-06-29,2021-10-21,cat1,subcat1
499,2648,"Miranda, Gray and Hale",5300.0,7413.0,225,CH,CHF,2021-08-30,2021-12-03,cat5,subcat13
1439,2545,"Ayala, Crawford and Taylor",4000.0,2778.0,35,US,USD,2021-02-16,2022-01-17,cat1,subcat1
3130,3273,Martinez Ltd,7300.0,2594.0,63,US,USD,2020-10-31,2021-11-12,cat4,
1526,6155,Lee PLC,2000.0,5033.0,65,US,USD,2021-02-02,2021-09-17,cat3,subcat8
1229,6064,"Young, Ramsey and Powell",8800.0,9317.0,163,US,USD,2020-12-26,2021-09-07,cat4,
780,1729,Lewis and Sons,3500.0,6560.0,85,US,USD,2021-05-12,2021-08-12,cat4,
936,4969,Davis-Johnson,1400.0,5415.0,217,US,USD,2020-08-22,2021-08-03,cat5,subcat20
2820,3402,Stevenson-Thompson,4200.0,14577.0,150,US,USD,2021-01-25,2021-02-21,cat5,subcat13
3118,2810,"Ellis, Smith and Armstrong",81000.0,150515.0,3272,US,USD,2021-07-01,2021-10-21,cat4,
750,2217,Jackson-Brown,182800.0,79045.0,898,US,USD,2021-06-28,2021-12-17,cat8,subcat15
2948,5140,"Kane, Pruitt and Rivera",4800.0,7797.0,300,US,USD,2021-11-23,2022-01-14,cat1,subcat1
1818,4497,"Wood, Buckley and Meza",7000.0,12939.0,126,US,USD,2020-09-23,2021-04-29,cat4,
1715,5100,Brown-Williams,161900.0,38376.0,526,US,USD,2020-06-08,2021-04-07,cat5,subcat6
2667,3390,Hansen-Austin,7700.0,6920.0,121,US,USD,2020-05-11,2021-03-18,cat4,
2818,1926,Santana-George,71500.0,194912.0,2320,US,USD,2021-03-16,2021-06-26,cat4,
175,3264,Davis LLC,4700.0,7992.0,81,AU,AUD,2021-08-22,2021-10-12,cat5,subcat23
2701,2573,"Vazquez, Ochoa and Clark",42100.0,79268.0,1887,US,USD,2020-07-17,2021-04-11,cat8,subcat15
338,3628,Chung-Nguyen,40200.0,139468.0,4358,US,USD,2020-03-21,2021-03-07,cat8,subcat15
1372,3826,Mueller-Harmon,7900.0,5465.0,67,US,USD,2020-12-25,2021-12-16,cat2,subcat2
399,5983,"Dixon, Perez and Banks",8300.0,2111.0,57,CA,CAD,2021-12-29,2022-01-16,cat8,subcat15
2734,5678,Estrada Group,163600.0,126628.0,1229,US,USD,2020-11-08,2021-01-22,cat1,subcat1
2663,2093,Lutz Group,2700.0,1012.0,12,IT,EUR,2020-09-07,2021-07-05,cat2,subcat17
2951,5333,Ortiz Inc,1000.0,5438.0,53,US,USD,2021-02-27,2021-03-03,cat6,subcat9
733,5139,"Craig, Ellis and Miller",84500.0,193101.0,2414,US,USD,2021-01-11,2021-06-17,cat2,subcat5
374,3173,Charles Inc,81300.0,31665.0,452,US,USD,2020-12-24,2021-12-18,cat4,
1949,3333,White-Rosario,800.0,2960.0,80,US,USD,2021-01-18,2021-09-25,cat4,
48,2262,Simmons-Villarreal,3400.0,8089.0,193,US,USD,2020-06-26,2021-06-10,cat5,subcat13
3020,1531,Strickland Group,170800.0,109374.0,1886,US,USD,2020-05-17,2021-04-25,cat4,
749,4881,Lynch Ltd,1800.0,2129.0,52,US,USD,2020-06-12,2021-04-30,cat4,
1336,3928,Sanders LLC,150600.0,127745.0,1825,US,USD,2021-02-01,2022-01-16,cat2,subcat7
2390,1803,Cooper LLC,7800.0,2289.0,31,US,USD,2021-03-13,2021-12-08,cat4,
851,2321,Palmer Ltd,5800.0,12174.0,290,US,USD,2021-10-26,2021-11-09,cat4,
2394,6234,Santos Group,5600.0,9508.0,122,US,USD,2020-12-13,2021-04-30,cat2,subcat5
1062,1422,"Christian, Kim and Jimenez",134400.0,155849.0,1470,US,USD,2021-07-11,2021-09-17,cat2,subcat7
1024,2660,"Williams, Price and Hurley",3000.0,7758.0,165,CA,CAD,2020-12-13,2021-08-15,cat5,subcat4
1261,5361,"Anderson, Parks and Estrada",6000.0,13835.0,182,US,USD,2020-11-02,2021-09-04,cat6,subcat19
2029,3420,Collins-Martinez,8400.0,10770.0,199,IT,EUR,2020-10-04,2021-07-20,cat5,subcat4
267,4337,Barrett Inc,1700.0,3208.0,56,GB,GBP,2020-12-05,2021-12-04,cat5,subcat20
3140,2338,Adams-Rollins,159800.0,11108.0,107,US,USD,2021-03-25,2021-10-04,cat4,
2599,4140,Wright-Bryant,19800.0,153338.0,1460,AU,AUD,2020-06-20,2021-05-23,cat1,subcat1
1505,2373,Berry-Cannon,8800.0,2437.0,27,US,USD,2020-11-10,2021-03-17,cat4,
2736,1344,Davis-Gonzalez,179100.0,93991.0,1221,US,USD,2020-05-11,2021-06-01,cat5,subcat4
2444,2141,Best-Young,3100.0,12620.0,123,CH,CHF,2020-08-19,2021-06-02,cat2,subcat18
212,3415,"Powers, Smith and Deleon",100.0,2.0,1,US,USD,2020-09-23,2021-06-06,cat3,subcat3
212,3415,"Powers, Smith and Deleon",100.0,2.0,1,US,USD,2020-09-23,2021-06-06,cat3,subcat12
1226,5696,Hogan Group,5600.0,8746.0,159,US,USD,2021-05-01,2022-01-18,cat2,subcat2
2381,1798,"Wang, Silva and Byrd",1400.0,3534.0,110,US,USD,2021-01-11,2021-07-02,cat3,subcat3
2381,1798,"Wang, Silva and Byrd",1400.0,3534.0,110,US,USD,2021-01-11,2021-07-02,cat3,subcat12
2510,1657,Parker-Morris,41000.0,709.0,14,US,USD,2020-02-15,2021-02-23,cat6,subcat9
182,3651,"Rodriguez, Johnson and Jackson",6500.0,795.0,16,US,USD,2020-06-16,2021-05-25,cat6,subcat16
1340,3574,Haynes PLC,7900.0,12955.0,236,US,USD,2020-08-29,2021-10-06,cat4,
663,6063,Hayes Group,5500.0,8964.0,191,US,USD,2020-10-11,2021-07-04,cat5,subcat4
167,2404,"White, Pena and Calhoun",9100.0,1843.0,41,US,USD,2020-11-21,2021-11-18,cat4,
3143,2705,Bryant-Pope,38200.0,121950.0,3934,US,USD,2021-02-04,2021-08-06,cat7,subcat11
1571,5059,"Gates, Li and Thompson",1800.0,8621.0,80,CA,CAD,2020-08-19,2021-04-27,cat4,
1216,5466,King-Morris,154500.0,30215.0,296,US,USD,2020-11-27,2021-06-29,cat4,
237,5821,"Carter, Cole and Curtis",5800.0,11539.0,462,US,USD,2020-09-08,2021-04-12,cat3,subcat3
237,5821,"Carter, Cole and Curtis",5800.0,11539.0,462,US,USD,2020-09-08,2021-04-12,cat3,subcat12
1524,5385,Sanchez-Parsons,1800.0,14310.0,179,US,USD,2020-08-26,2021-08-05,cat5,subcat6
218,3506,Rivera-Pearson,70200.0,35536.0,523,AU,AUD,2021-02-21,2021-03-13,cat5,subcat6
2508,5427,"Ramirez, Padilla and Barrera",6400.0,3676.0,141,GB,GBP,2021-02-26,2021-05-02,cat4,
1873,6142,Riggs Group,125900.0,195936.0,1866,GB,GBP,2021-01-30,2021-06-11,cat5,subcat20
1378,2873,Clements Ltd,3700.0,1343.0,52,US,USD,2020-07-07,2021-07-27,cat8,subcat15
2488,3916,Cooper Inc,3600.0,2097.0,27,GB,GBP,2020-11-13,2021-03-21,cat5,subcat13
2924,1687,Jones-Gonzalez,3800.0,9021.0,156,CH,CHF,2020-06-16,2021-01-24,cat6,subcat16
316,1542,Fox Ltd,35600.0,20915.0,225,AU,AUD,2020-11-18,2021-11-16,cat4,
531,3087,"Green, Murphy and Webb",5300.0,9676.0,255,US,USD,2020-09-03,2021-04-30,cat5,subcat10
435,3857,Stevenson PLC,160400.0,1210.0,38,US,USD,2021-02-19,2021-07-23,cat3,subcat3
435,3857,Stevenson PLC,160400.0,1210.0,38,US,USD,2021-02-19,2021-07-23,cat3,subcat12
1381,5921,Soto-Anthony,51400.0,90440.0,2261,US,USD,2020-10-13,2021-02-22,cat2,subcat22
2606,3144,Wise and Sons,1700.0,4044.0,40,US,USD,2020-07-15,2021-07-29,cat4,
2402,2676,Butler-Barr,39400.0,192292.0,2289,IT,EUR,2021-12-08,2022-01-01,cat4,
761,3646,"Wilson, Jefferson and Anderson",3000.0,6722.0,65,US,USD,2020-12-17,2021-07-03,cat4,
1447,1321,Brown-Oliver,8700.0,1577.0,15,US,USD,2021-11-23,2021-12-06,cat1,subcat1
1724,1399,Davis-Gardner,7200.0,3301.0,37,US,USD,2020-04-21,2021-04-24,cat4,
1050,3169,Dawson Group,167400.0,196386.0,3777,IT,EUR,2021-03-07,2021-03-22,cat3,subcat3
1050,3169,Dawson Group,167400.0,196386.0,3777,IT,EUR,2021-03-07,2021-03-22,cat3,subcat12
443,2058,Turner-Terrell,5500.0,11952.0,184,GB,GBP,2020-10-14,2021-06-06,cat4,
974,1300,"Hall, Buchanan and Benton",3500.0,3930.0,85,US,USD,2021-08-05,2022-01-02,cat4,
534,2075,"Lowery, Hayden and Cruz",7900.0,5729.0,112,US,USD,2021-06-03,2021-06-18,cat4,
289,2984,"Mora, Miller and Harper",2300.0,4883.0,144,US,USD,2021-01-31,2021-06-07,cat2,subcat2
2046,4768,Espinoza Group,73000.0,175015.0,1902,US,USD,2021-01-29,2021-07-16,cat4,
2614,3682,"Davis, Crawford and Lopez",6200.0,11280.0,105,US,USD,2020-12-26,2021-04-22,cat4,
2652,5901,"Richards, Stevens and Fleming",6100.0,10012.0,132,US,USD,2021-02-11,2021-06-13,cat4,
1303,3540,Brown Ltd,103200.0,1690.0,21,US,USD,2020-09-08,2021-01-11,cat4,
2638,2225,"Tapia, Sandoval and Hurley",171000.0,84891.0,976,US,USD,2021-11-08,2022-01-26,cat5,subcat4
2865,1485,Allen Inc,9200.0,10093.0,96,US,USD,2020-07-20,2021-04-25,cat6,subcat14
640,5343,"Williams, Johnson and Campbell",7800.0,3839.0,67,US,USD,2020-09-14,2021-04-07,cat7,subcat11
910,5594,Wiggins Ltd,9900.0,6161.0,66,CA,CAD,2021-04-27,2021-11-24,cat3,subcat3
910,5594,Wiggins Ltd,9900.0,6161.0,66,CA,CAD,2021-04-27,2021-11-24,cat3,subcat12
333,2482,Luna-Horne,43000.0,5615.0,78,US,USD,2020-05-18,2021-05-17,cat4,
1722,2706,Allen Inc,9600.0,6205.0,67,AU,AUD,2021-03-14,2021-06-20,cat4,
1437,4861,"Peterson, Gonzalez and Spencer",7500.0,11969.0,114,US,USD,2020-09-16,2021-07-10,cat1,subcat1
806,2961,Walter Inc,10000.0,8142.0,263,AU,AUD,2020-12-20,2021-01-31,cat8,subcat15
1563,3043,"Sanders, Farley and Huffman",172000.0,55805.0,1691,US,USD,2021-04-08,2021-12-18,cat8,subcat15
878,6103,"Hall, Holmes and Walker",153700.0,15238.0,181,US,USD,2021-02-17,2021-06-05,cat4,
2968,4708,Smith-Powell,3600.0,961.0,13,US,USD,2021-09-09,2021-10-21,cat4,
1876,4395,Smith-Hill,9400.0,5918.0,160,US,USD,2021-05-09,2021-06-18,cat5,subcat4
2686,4912,Wright LLC,5900.0,9520.0,203,US,USD,2021-02-22,2021-02-28,cat3,subcat3
2686,4912,Wright LLC,5900.0,9520.0,203,US,USD,2021-02-22,2021-02-28,cat3,subcat12
513,2030,"Williams, Orozco and Gomez",100.0,5.0,1,US,USD,2021-04-22,2021-08-20,cat4,
3165,5235,Peterson Ltd,14500.0,159056.0,1559,US,USD,2020-04-26,2021-02-28,cat2,subcat2
1847,5001,Cummings-Hayes,145500.0,101987.0,2266,US,USD,2020-07-20,2021-07-24,cat5,subcat4
1994,4093,Boyle Ltd,3300.0,1980.0,21,US,USD,2021-03-07,2021-09-06,cat5,subcat23
201,2576,"Henderson, Parker and Diaz",42600.0,156384.0,1548,AU,AUD,2021-07-19,2021-12-03,cat3,subcat3
201,2576,"Henderson, Parker and Diaz",42600.0,156384.0,1548,AU,AUD,2021-07-19,2021-12-03,cat3,subcat12
960,6122,Moss-Obrien,700.0,7763.0,80,US,USD,2021-04-20,2021-05-15,cat4,
1475,2813,Wood Inc,187600.0,35698.0,830,US,USD,2020-08-17,2021-08-05,cat5,subcat23
3149,3737,"Riley, Cohen and Goodman",9800.0,12434.0,131,US,USD,2020-08-17,2021-04-06,cat4,
877,2803,"Green, Robinson and Ho",1100.0,8081.0,112,US,USD,2021-07-15,2021-10-04,cat5,subcat10
2122,5508,Black-Graham,145000.0,6631.0,130,US,USD,2021-09-17,2021-10-03,cat6,subcat19
923,3850,Robbins Group,5500.0,4678.0,55,US,USD,2021-02-04,2021-03-07,cat3,subcat3
923,3850,Robbins Group,5500.0,4678.0,55,US,USD,2021-02-04,2021-03-07,cat3,subcat12
1809,4220,"Mason, Case and May",5700.0,6800.0,155,US,USD,2021-04-18,2021-11-16,cat6,subcat19
3209,4532,"Harris, Russell and Mitchell",3600.0,10657.0,266,US,USD,2021-01-21,2021-11-02,cat1,subcat1
1951,6013,Rodriguez-Robinson,5900.0,4997.0,114,IT,EUR,2021-07-23,2021-11-25,cat8,subcat15
2566,3396,"Peck, Higgins and Smith",3700.0,13164.0,155,US,USD,2020-04-25,2021-03-28,cat4,
2925,4401,Nunez-King,2200.0,8501.0,207,GB,GBP,2020-04-09,2021-03-05,cat2,subcat2
3087,2981,Davis and Sons,1700.0,13468.0,245,US,USD,2020-10-08,2021-08-23,cat4,
2040,4467,Howard-Douglas,88400.0,121138.0,1573,US,USD,2020-09-22,2021-04-06,cat2,subcat22
1755,1377,Gonzalez-White,2400.0,8117.0,114,US,USD,2020-12-21,2021-10-27,cat1,subcat1
965,5036,Lopez-King,7900.0,8550.0,93,US,USD,2021-04-25,2021-09-11,cat4,
2019,5761,Glover-Nelson,94900.0,57659.0,594,US,USD,2021-04-10,2021-05-18,cat4,
843,3699,Garner and Sons,5100.0,1414.0,24,US,USD,2020-09-17,2021-04-26,cat5,subcat20
1593,4519,"Sellers, Roach and Garrison",42700.0,97524.0,1681,US,USD,2020-12-18,2021-03-15,cat3,subcat3
1593,4519,"Sellers, Roach and Garrison",42700.0,97524.0,1681,US,USD,2020-12-18,2021-03-15,cat3,subcat12
2494,5395,"Herrera, Bennett and Silva",121100.0,26176.0,252,US,USD,2020-07-30,2021-05-04,cat4,
2250,3057,"Thomas, Clay and Mendoza",800.0,2991.0,32,US,USD,2020-05-13,2021-03-06,cat2,subcat7
1498,2741,Ayala Group,5400.0,8366.0,135,US,USD,2020-07-22,2021-08-07,cat4,
356,1675,"Huerta, Roberts and Dickerson",4000.0,12886.0,140,US,USD,2021-02-28,2021-08-08,cat4,
1432,2712,Johnson Group,7000.0,5177.0,67,US,USD,2021-04-22,2022-01-08,cat1,subcat1
25,4527,"Bailey, Nguyen and Martinez",1000.0,8641.0,92,US,USD,2021-08-10,2021-08-20,cat7,subcat11
488,1722,"Williams, Martin and Meyer",60200.0,86244.0,1015,GB,GBP,2020-07-17,2021-03-03,cat4,
423,4330,Huff-Johnson,195200.0,78630.0,742,US,USD,2021-03-27,2021-11-17,cat6,subcat9
2028,5219,Diaz-Little,6700.0,11941.0,323,US,USD,2021-06-26,2021-07-10,cat3,subcat3
2028,5219,Diaz-Little,6700.0,11941.0,323,US,USD,2021-06-26,2021-07-10,cat3,subcat12
1521,4997,Freeman-French,7200.0,6115.0,75,US,USD,2020-02-21,2021-02-23,cat5,subcat4
2780,2239,Beck-Weber,129100.0,188404.0,2326,US,USD,2021-06-22,2021-12-17,cat5,subcat4
2316,4587,Lewis-Jacobson,6500.0,9910.0,381,US,USD,2021-04-14,2021-05-29,cat4,
2247,4113,Logan-Curtis,170600.0,114523.0,4405,US,USD,2020-11-21,2021-01-19,cat2,subcat2
2408,4762,"Chan, Washington and Callahan",7800.0,3144.0,92,US,USD,2021-04-12,2021-07-02,cat2,subcat2
3184,5242,Wilson Group,6200.0,13441.0,480,US,USD,2020-07-18,2021-03-28,cat5,subcat4
1680,5765,"Gardner, Ryan and Gutierrez",9400.0,4899.0,64,US,USD,2021-03-02,2021-09-20,cat6,subcat16
2585,2185,Hernandez Inc,2400.0,11990.0,226,US,USD,2021-06-12,2021-08-18,cat6,subcat19
1561,5500,Ortiz-Roberts,7800.0,6839.0,64,US,USD,2021-06-09,2021-06-18,cat5,subcat6
2632,3494,Ramirez LLC,9800.0,11091.0,241,US,USD,2020-12-09,2021-05-26,cat2,subcat2
439,3924,Morrow Inc,3100.0,13223.0,132,US,USD,2020-06-14,2021-02-09,cat5,subcat6
461,3521,Erickson-Rogers,9800.0,7608.0,75,IT,EUR,2021-07-03,2021-07-08,cat8,subcat15
1419,5262,"Leach, Rich and Price",141100.0,74073.0,842,US,USD,2021-11-15,2021-12-07,cat6,subcat19
2986,3684,Manning-Hamilton,97300.0,153216.0,2043,US,USD,2020-12-29,2021-05-30,cat1,subcat1
2031,5784,Butler LLC,6600.0,4814.0,112,US,USD,2021-10-15,2021-11-30,cat4,
1627,1498,Ball LLC,7600.0,4603.0,139,IT,EUR,2021-11-06,2021-12-10,cat4,
2175,6073,"Taylor, Santiago and Flores",66600.0,37823.0,374,US,USD,2020-10-08,2021-04-11,cat2,subcat7
1788,4939,"Hernandez, Norton and Kelley",111100.0,62819.0,1122,US,USD,2020-12-30,2021-08-18,cat1,subcat1
